Workbook

Sheet final data summary
A1: cc | C1: PAG | D1: Sur | E1: TARC | F1: Polymer | G1: ITC | H1: PBO | I1: Total | J1: Error | M1: share cc | N1: Gas | O1: Solid | P1: Solvent | Q1: Water | S1: {=INDEX($M$1:$Q$14, COLUMN(A1), ROW(A1))} -> share cc | T1: {=INDEX($M$1:$Q$14, COLUMN(B1), ROW(B1))} -> 2025 Basic | U1: {=INDEX($M$1:$Q$14, COLUMN(C1), ROW(C1))} -> 1 | V1: {=INDEX($M$1:$Q$14, COLUMN(D1), ROW(D1))} -> 2 | W1: {=INDEX($M$1:$Q$14, COLUMN(E1), ROW(E1))} -> 3 | X1: {=INDEX($M$1:$Q$14, COLUMN(F1), ROW(F1))} -> 4 | Y1: {=INDEX($M$1:$Q$14, COLUMN(G1), ROW(G1))} -> 5 | Z1: {=INDEX($M$1:$Q$14, COLUMN(H1), ROW(H1))} -> 0 | ... AF1: {=INDEX($M$1:$Q$14, COLUMN(N1), ROW(N1))} -> 5
B2: 2025 Basic | C2: =baseline!C5 -> 4291644.3 | D2: =baseline!C6 -> 253761.86 | E2: =baseline!C7 -> 13251754 | F2: =baseline!C8 -> 288306.42 | G2: =baseline!C9 -> 6923658.6 | H2: =baseline!C10 -> 2567312.2 | I2: =baseline!C11 -> 27576438 | J2: 0 | M2: 2025 Basic | N2: =baseline!M5 -> 0.00017823069 | O2: =baseline!M6 -> 0.0020559817 | P2: =baseline!M7 -> 0.1677993 | Q2: =baseline!M8 -> 0.82996649 | S2: {=INDEX($M$1:$Q$14, COLUMN(A2), ROW(A2))} -> Gas | T2: {=INDEX($M$1:$Q$14, COLUMN(B2), ROW(B2))} -> 0.00017823069 | U2: {=INDEX($M$1:$Q$14, COLUMN(C2), ROW(C2))} -> 0.002545277 | V2: {=INDEX($M$1:$Q$14, COLUMN(D2), ROW(D2))} -> 0.0028614051 | W2: {=INDEX($M$1:$Q$14, COLUMN(E2), ROW(E2))} -> 0.0032549332 | X2: {=INDEX($M$1:$Q$14, COLUMN(F2), ROW(F2))} -> 0.0023671226 | Y2: {=INDEX($M$1:$Q$14, COLUMN(G2), ROW(G2))} -> 0.001863806 | Z2: {=INDEX($M$1:$Q$14, COLUMN(H2), ROW(H2))} -> 0 | ... AF2: {=INDEX($M$1:$Q$14, COLUMN(N2), ROW(N2))} -> 0.0018643197
B3: 1 | C3: ='1-incineration improvement'!B69 -> 4250836.5 | D3: ='1-incineration improvement'!C69 -> 227953.69 | E3: ='1-incineration improvement'!D69 -> 11947982 | F3: ='1-incineration improvement'!E69 -> 286093.81 | G3: ='1-incineration improvement'!F69 -> 6276589 | H3: ='1-incineration improvement'!G69 -> 2554061.2 | I3: ='1-incineration improvement'!H69 -> 25543516 | J3: ='1-incineration improvement'!I69 -> 251386 | M3: 1 | N3: ='1-incineration improvement'!B73 -> 0.002545277 | O3: ='1-incineration improvement'!C73 -> 0.0030171898 | P3: ='1-incineration improvement'!D73 -> 0.30408161 | Q3: ='1-incineration improvement'!E73 -> 0.69035592 | S3: {=INDEX($M$1:$Q$14, COLUMN(A3), ROW(A3))} -> Solid | T3: {=INDEX($M$1:$Q$14, COLUMN(B3), ROW(B3))} -> 0.0020559817 | U3: {=INDEX($M$1:$Q$14, COLUMN(C3), ROW(C3))} -> 0.0030171898 | V3: {=INDEX($M$1:$Q$14, COLUMN(D3), ROW(D3))} -> 0.0033919522 | W3: {=INDEX($M$1:$Q$14, COLUMN(E3), ROW(E3))} -> 0.0038584337 | X3: {=INDEX($M$1:$Q$14, COLUMN(F3), ROW(F3))} -> 0.0028058993 | Y3: {=INDEX($M$1:$Q$14, COLUMN(G3), ROW(G3))} -> 0.0026315744 | Z3: {=INDEX($M$1:$Q$14, COLUMN(H3), ROW(H3))} -> 0 | ... AF3: {=INDEX($M$1:$Q$14, COLUMN(N3), ROW(N3))} -> 0.0029001459
B4: 2 | C4: ='2-better separation'!B69 -> 4205472.4 | D4: ='2-better separation'!C69 -> 192430.31 | E4: ='2-better separation'!D69 -> 10154093 | F4: ='2-better separation'!E69 -> 283788.62 | G4: ='2-better separation'!F69 -> 5387694.8 | H4: ='2-better separation'!G69 -> 2542757.4 | I4: ='2-better separation'!H69 -> 22766236 | J4: ='2-better separation'!I69 -> 1089843.2 | M4: 2 | N4: ='2-better separation'!B73 -> 0.0028614051 | O4: ='2-better separation'!C73 -> 0.0033919522 | P4: ='2-better separation'!D73 -> 0.34185258 | Q4: ='2-better separation'!E73 -> 0.65189407 | S4: {=INDEX($M$1:$Q$14, COLUMN(A4), ROW(A4))} -> Solvent | T4: {=INDEX($M$1:$Q$14, COLUMN(B4), ROW(B4))} -> 0.1677993 | U4: {=INDEX($M$1:$Q$14, COLUMN(C4), ROW(C4))} -> 0.30408161 | V4: {=INDEX($M$1:$Q$14, COLUMN(D4), ROW(D4))} -> 0.34185258 | W4: {=INDEX($M$1:$Q$14, COLUMN(E4), ROW(E4))} -> 0.38886547 | X4: {=INDEX($M$1:$Q$14, COLUMN(F4), ROW(F4))} -> 0.28278109 | Y4: {=INDEX($M$1:$Q$14, COLUMN(G4), ROW(G4))} -> 0.2561999 | Z4: {=INDEX($M$1:$Q$14, COLUMN(H4), ROW(H4))} -> 0 | ... AF4: {=INDEX($M$1:$Q$14, COLUMN(N4), ROW(N4))} -> 0.28786187
B5: 3 | C5: ='3-Source management'!B69 -> 4162632.1 | D5: ='3-Source management'!C69 -> 156819.38 | E5: ='3-Source management'!D69 -> 8356341.2 | F5: ='3-Source management'!E69 -> 281658.32 | G5: ='3-Source management'!F69 -> 4496888.7 | H5: ='3-Source management'!G69 -> 2532972.5 | I5: ='3-Source management'!H69 -> 19987312 | J5: ='3-Source management'!I69 -> 417897.13 | M5: 3 | N5: ='3-Source management'!B73 -> 0.0032549332 | O5: ='3-Source management'!C73 -> 0.0038584337 | P5: ='3-Source management'!D73 -> 0.38886547 | Q5: ='3-Source management'!E73 -> 0.60402116 | S5: {=INDEX($M$1:$Q$14, COLUMN(A5), ROW(A5))} -> Water | T5: {=INDEX($M$1:$Q$14, COLUMN(B5), ROW(B5))} -> 0.82996649 | U5: {=INDEX($M$1:$Q$14, COLUMN(C5), ROW(C5))} -> 0.69035592 | V5: {=INDEX($M$1:$Q$14, COLUMN(D5), ROW(D5))} -> 0.65189407 | W5: {=INDEX($M$1:$Q$14, COLUMN(E5), ROW(E5))} -> 0.60402116 | X5: {=INDEX($M$1:$Q$14, COLUMN(F5), ROW(F5))} -> 0.71204589 | Y5: {=INDEX($M$1:$Q$14, COLUMN(G5), ROW(G5))} -> 0.73930472 | Z5: {=INDEX($M$1:$Q$14, COLUMN(H5), ROW(H5))} -> 0 | ... AF5: {=INDEX($M$1:$Q$14, COLUMN(N5), ROW(N5))} -> 0.70737367
B6: 4 | C6: ='4-Cascade'!B70 -> 4127118.3 | D6: ='4-Cascade'!C70 -> 243399.26 | E6: ='4-Cascade'!D70 -> 12713183 | F6: ='4-Cascade'!E70 -> 277268.14 | G6: ='4-Cascade'!F70 -> 6641945.6 | H6: ='4-Cascade'!G70 -> 2468712.7 | I6: ='4-Cascade'!H70 -> 26471627 | J6: ='4-Cascade'!I70 -> 172943.83 | M6: 4 | N6: ='4-Cascade'!B77 -> 0.0023671226 | O6: ='4-Cascade'!C77 -> 0.0028058993 | P6: ='4-Cascade'!D77 -> 0.28278109 | Q6: ='4-Cascade'!E77 -> 0.71204589
B7: 5 | C7: ='5-alternativess'!B75 -> 1070400.5 | D7: ='5-alternativess'!C75 -> 252517.58 | E7: ='5-alternativess'!D75 -> 13188280 | F7: ='5-alternativess'!E75 -> 287668.53 | G7: ='5-alternativess'!F75 -> 6891253.8 | H7: ='5-alternativess'!G75 -> 2561816.5 | I7: ='5-alternativess'!H75 -> 24251937 | J7: ='5-alternativess'!I75 -> 1068601.8 | M7: 5 | N7: ='5-alternativess'!B82 -> 0.001863806 | O7: ='5-alternativess'!C82 -> 0.0026315744 | P7: ='5-alternativess'!D82 -> 0.2561999 | Q7: ='5-alternativess'!E82 -> 0.73930472
B9: 2030 Basic | C9: =baseline!C13 -> 30662087 | D9: =baseline!C14 -> 1697236.7 | E9: =baseline!C15 -> 91286001 | F9: =baseline!C16 -> 2062446.1 | G9: =baseline!C17 -> 47423398 | H9: =baseline!C18 -> 23203041 | I9: =SUM(C9:H9) -> 1.9633421e+08 | M9: 2030 Basic | N9: =baseline!M11 -> 0.00018205462 | O9: =baseline!M12 -> 0.0024010295 | P9: =baseline!M13 -> 0.20477121 | Q9: =baseline!M14 -> 0.79264571
B10: 1 | C10: ='1-incineration improvement'!J69 -> 30455741 | D10: ='1-incineration improvement'!K69 -> 1515866.1 | E10: ='1-incineration improvement'!L69 -> 81879331 | F10: ='1-incineration improvement'!M69 -> 2052407.8 | G10: ='1-incineration improvement'!N69 -> 42807326 | H10: ='1-incineration improvement'!O69 -> 23149460 | I10: ='1-incineration improvement'!P69 -> 1.8186013e+08 | J10: ='1-incineration improvement'!Q69 -> 1804661.3 | M10: 1 | N10: ='1-incineration improvement'!J73 -> 0.0025262533 | O10: ='1-incineration improvement'!K73 -> 0.0032599702 | P10: ='1-incineration improvement'!L73 -> 0.33418916 | Q10: ='1-incineration improvement'!M73 -> 0.66002462
B11: 2 | C11: ='2-better separation'!J69 -> 30151935 | D11: ='2-better separation'!K69 -> 1302732.3 | E11: ='2-better separation'!L69 -> 70819581 | F11: ='2-better separation'!M69 -> 2036409.9 | G11: ='2-better separation'!N69 -> 37373776 | H11: ='2-better separation'!O69 -> 23038113 | I11: ='2-better separation'!P69 -> 1.6472255e+08 | J11: ='2-better separation'!Q69 -> 7109292.4 | M11: 2 | N11: ='2-better separation'!J73 -> 0.0027904641 | O11: ='2-better separation'!K73 -> 0.0036008958 | P11: ='2-better separation'!L73 -> 0.36913842 | Q11: ='2-better separation'!M73 -> 0.62447022
B12: 3 | C12: ='3-Source management'!J69 -> 29917293 | D12: ='3-Source management'!K69 -> 1073642.6 | E12: ='3-Source management'!L69 -> 58942676 | F12: ='3-Source management'!M69 -> 2025511.5 | G12: ='3-Source management'!N69 -> 31546960 | H12: ='3-Source management'!O69 -> 22992062 | I12: ='3-Source management'!P69 -> 1.4649814e+08 | J12: ='3-Source management'!Q69 -> 2945191.9 | M12: 3 | N12: ='3-Source management'!J73 -> 0.0031388306 | O12: ='3-Source management'!K73 -> 0.0040504904 | P12: ='3-Source management'!L73 -> 0.41522774 | Q12: ='3-Source management'!M73 -> 0.57758294
B13: 4 | C13: ='4-Cascade'!J70 -> 27371487 | D13: ='4-Cascade'!K70 -> 1457701.9 | E13: ='4-Cascade'!L70 -> 78516609 | F13: ='4-Cascade'!M70 -> 1842405.3 | G13: ='4-Cascade'!N70 -> 40883107 | H13: ='4-Cascade'!O70 -> 20745719 | I13: ='4-Cascade'!P70 -> 1.7081703e+08 | J13: ='4-Cascade'!Q70 -> 7089010.6 | M13: 4 | N13: ='4-Cascade'!J77 -> 0.0024056432 | O13: ='4-Cascade'!K77 -> 0.0031042202 | P13: ='4-Cascade'!L77 -> 0.31822269 | Q13: ='4-Cascade'!M77 -> 0.67626745
B14: 5 | C14: ='5-alternativess'!J75 -> 7652940.7 | D14: ='5-alternativess'!K75 -> 1629204.8 | E14: ='5-alternativess'!L75 -> 87757470 | F14: ='5-alternativess'!M75 -> 2059225.4 | G14: ='5-alternativess'!N75 -> 45693121 | H14: ='5-alternativess'!O75 -> 23189671 | I14: ='5-alternativess'!P75 -> 1.6798163e+08 | J14: ='5-alternativess'!Q75 -> 7752767.3 | M14: 5 | N14: ='5-alternativess'!J82 -> 0.0018643197 | O14: ='5-alternativess'!K82 -> 0.0029001459 | P14: ='5-alternativess'!L82 -> 0.28786187 | Q14: ='5-alternativess'!M82 -> 0.70737367
B17: 2025 Basic | C17: =C2/$I$2 -> 0.15562722 | D17: =D2/$I$2 -> 0.0092021262 | E17: =E2/$I$2 -> 0.48054627 | F17: =F2/$I$2 -> 0.01045481 | G17: =G2/$I$2 -> 0.25107154 | H17: =H2/$I$2 -> 0.093098036 | I17: =I2/$I$2 -> 1 | J17: =J2/$I$2 -> 0
B18: 2025 S1 | C18: =C3/$I$2 -> 0.15414741 | D18: =D3/$I$2 -> 0.0082662488 | E18: =E3/$I$2 -> 0.43326778 | F18: =F3/$I$2 -> 0.010374575 | G18: =G3/$I$2 -> 0.22760696 | H18: =H3/$I$2 -> 0.092617518 | I18: =I3/$I$2 -> 0.92628049 | J18: =J3/$I$2 -> 0.0091159707
B19: 2025 S2 | C19: =C4/$I$2 -> 0.15250238 | D19: =D4/$I$2 -> 0.0069780699 | E19: =E4/$I$2 -> 0.36821626 | F19: =F4/$I$2 -> 0.010290982 | G19: =G4/$I$2 -> 0.19537312 | H19: =H4/$I$2 -> 0.092207611 | I19: =I4/$I$2 -> 0.82556842 | J19: =J4/$I$2 -> 0.039520813
B20: 2025 S3 | C20: =C5/$I$2 -> 0.15094887 | D20: =D5/$I$2 -> 0.0056867166 | E20: =E5/$I$2 -> 0.30302468 | F20: =F5/$I$2 -> 0.010213731 | G20: =G5/$I$2 -> 0.16306996 | H20: =H5/$I$2 -> 0.09185278 | I20: =I5/$I$2 -> 0.72479674 | J20: =J5/$I$2 -> 0.015154137
B21: 2025 S4 | C21: =C6/$I$2 -> 0.14966104 | D21: =D6/$I$2 -> 0.0088263488 | E21: =E6/$I$2 -> 0.46101616 | F21: =F6/$I$2 -> 0.010054531 | G21: =G6/$I$2 -> 0.24085582 | H21: =H6/$I$2 -> 0.089522537 | I21: =I6/$I$2 -> 0.95993643 | J21: =J6/$I$2 -> 0.0062714347
B22: 2025 S5 | C22: =C7/$I$2 -> 0.038815765 | D22: =D7/$I$2 -> 0.009157005 | E22: =E7/$I$2 -> 0.47824452 | F22: =F7/$I$2 -> 0.010431678 | G22: =G7/$I$2 -> 0.24989645 | H22: =H7/$I$2 -> 0.092898748 | I22: =I7/$I$2 -> 0.87944416 | J22: =J7/$I$2 -> 0.038750539
B24: 2030 Basic | C24: =C9/$I$9 -> 0.15617292 | D24: =D9/$I$9 -> 0.0086446307 | E24: =E9/$I$9 -> 0.46495209 | F24: =F9/$I$9 -> 0.010504772 | G24: =G9/$I$9 -> 0.24154424 | H24: =H9/$I$9 -> 0.11818134 | I24: =I9/$I$9 -> 1 | J24: =J9/$I$9 -> 0
B25: 2030 S1 | C25: =C10/$I$9 -> 0.15512193 | D25: =D10/$I$9 -> 0.0077208457 | E25: =E10/$I$9 -> 0.41704057 | F25: =F10/$I$9 -> 0.010453643 | G25: =G10/$I$9 -> 0.21803295 | H25: =H10/$I$9 -> 0.11790844 | I25: =I10/$I$9 -> 0.92627837 | J25: =J10/$I$9 -> 0.009191782
B26: 2030 S2 | C26: =C11/$I$9 -> 0.15357453 | D26: =D11/$I$9 -> 0.0066352791 | E26: =E11/$I$9 -> 0.36070933 | F26: =F11/$I$9 -> 0.01037216 | G26: =G11/$I$9 -> 0.19035794 | H26: =H11/$I$9 -> 0.11734131 | I26: =I11/$I$9 -> 0.83899055 | J26: =J11/$I$9 -> 0.036210156
B27: 2030 S3 | C27: =C12/$I$9 -> 0.15237942 | D27: =D12/$I$9 -> 0.0054684441 | E27: =E12/$I$9 -> 0.30021602 | F27: =F12/$I$9 -> 0.010316651 | G27: =G12/$I$9 -> 0.16067989 | H27: =H12/$I$9 -> 0.11710675 | I27: =I12/$I$9 -> 0.74616718 | J27: =J12/$I$9 -> 0.015000911
B28: 2030 S4 | C28: =C13/$I$9 -> 0.13941272 | D28: =D13/$I$9 -> 0.0074245948 | E28: =E13/$I$9 -> 0.39991303 | F28: =F13/$I$9 -> 0.0093840257 | G28: =G13/$I$9 -> 0.20823221 | H28: =H13/$I$9 -> 0.10566533 | I28: =I13/$I$9 -> 0.87003192 | J28: =J13/$I$9 -> 0.036106854
B29: 2030 S5 | C29: =C14/$I$9 -> 0.03897915 | D29: =D14/$I$9 -> 0.0082981199 | E29: =E14/$I$9 -> 0.44698002 | F29: =F14/$I$9 -> 0.010488368 | G29: =G14/$I$9 -> 0.23273133 | H29: =H14/$I$9 -> 0.11811325 | I29: =I14/$I$9 -> 0.85559023 | J29: =J14/$I$9 -> 0.039487603
A32: HTC | C32: PAG | D32: Sur | E32: TARC | F32: Polymer | G32: ITC | H32: PBO | J32: Error | M32: share cc | N32: Gas | O32: Solid | P32: Solvent | Q32: Water | S32: {=INDEX($M$32:$Q$45, COLUMN(A1), ROW(A1))} -> share cc | T32: {=INDEX($M$32:$Q$45, COLUMN(B1), ROW(B1))} -> 2025 Basic | U32: {=INDEX($M$32:$Q$45, COLUMN(C1), ROW(C1))} -> 1 | V32: {=INDEX($M$32:$Q$45, COLUMN(D1), ROW(D1))} -> 2 | W32: {=INDEX($M$32:$Q$45, COLUMN(E1), ROW(E1))} -> 3 | X32: {=INDEX($M$32:$Q$45, COLUMN(F1), ROW(F1))} -> 4 | Y32: {=INDEX($M$32:$Q$45, COLUMN(G1), ROW(G1))} -> 5 | Z32: {=INDEX($M$32:$Q$45, COLUMN(H1), ROW(H1))} -> 0 | ... AF32: {=INDEX($M$32:$Q$45, COLUMN(N1), ROW(N1))} -> 5
B33: 2025 Basic | C33: =baseline!D5 -> 0.24826856 | D33: =baseline!D6 -> 0.028821129 | E33: =baseline!D7 -> 1.4784422 | F33: =baseline!D8 -> 0.016359843 | G33: =baseline!D9 -> 0.75131606 | H33: =baseline!D10 -> 0.14077843 | I33: =SUM(C33:H33) -> 2.6639862 | M33: 2025 Basic | N33: =baseline!Q5 -> 0.00014056137 | O33: =baseline!Q6 -> 0.001621412 | P33: =baseline!Q7 -> 0.085361998 | Q33: =baseline!Q8 -> 0.91287603 | S33: {=INDEX($M$32:$Q$45, COLUMN(A2), ROW(A2))} -> Gas | T33: {=INDEX($M$32:$Q$45, COLUMN(B2), ROW(B2))} -> 0.00014056137 | U33: {=INDEX($M$32:$Q$45, COLUMN(C2), ROW(C2))} -> 0.0020939844 | V33: {=INDEX($M$32:$Q$45, COLUMN(D2), ROW(D2))} -> 0.0026357137 | W33: {=INDEX($M$32:$Q$45, COLUMN(E2), ROW(E2))} -> 0.0032153376 | X33: {=INDEX($M$32:$Q$45, COLUMN(F2), ROW(F2))} -> 0.0020049167 | Y33: {=INDEX($M$32:$Q$45, COLUMN(G2), ROW(G2))} -> 0.001558461 | Z33: {=INDEX($M$32:$Q$45, COLUMN(H2), ROW(H2))} -> 0 | ... AF33: {=INDEX($M$32:$Q$45, COLUMN(N2), ROW(N2))} -> 0.001630566
B34: 1 | C34: ='1-incineration improvement'!B70 -> 0.24579662 | D34: ='1-incineration improvement'!C70 -> 0.027209108 | E34: ='1-incineration improvement'!D70 -> 1.3970181 | F34: ='1-incineration improvement'!E70 -> 0.016226912 | G34: ='1-incineration improvement'!F70 -> 0.71091019 | H34: ='1-incineration improvement'!G70 -> 0.14000161 | I34: ='1-incineration improvement'!H70 -> 2.5371625 | J34: ='1-incineration improvement'!I70 -> 0.014263075 | M34: 1 | N34: ='1-incineration improvement'!B74 -> 0.0020939844 | O34: ='1-incineration improvement'!C74 -> 0.0024821913 | P34: ='1-incineration improvement'!D74 -> 0.16137319 | Q34: ='1-incineration improvement'!E74 -> 0.83405063 | S34: {=INDEX($M$32:$Q$45, COLUMN(A3), ROW(A3))} -> Solid | T34: {=INDEX($M$32:$Q$45, COLUMN(B3), ROW(B3))} -> 0.001621412 | U34: {=INDEX($M$32:$Q$45, COLUMN(C3), ROW(C3))} -> 0.0024821913 | V34: {=INDEX($M$32:$Q$45, COLUMN(D3), ROW(D3))} -> 0.0031243728 | W34: {=INDEX($M$32:$Q$45, COLUMN(E3), ROW(E3))} -> 0.0038114459 | X34: {=INDEX($M$32:$Q$45, COLUMN(F3), ROW(F3))} -> 0.0023765223 | Y34: {=INDEX($M$32:$Q$45, COLUMN(G3), ROW(G3))} -> 0.0021932755 | Z34: {=INDEX($M$32:$Q$45, COLUMN(H3), ROW(H3))} -> 0 | ... AF34: {=INDEX($M$32:$Q$45, COLUMN(N3), ROW(N3))} -> 0.00253354
B35: 2 | C35: ='2-better separation'!B70 -> 0.23752688 | D35: ='2-better separation'!C70 -> 0.020661408 | E35: ='2-better separation'!D70 -> 1.066388 | F35: ='2-better separation'!E70 -> 0.015808307 | G35: ='2-better separation'!F70 -> 0.54707741 | H35: ='2-better separation'!G70 -> 0.13796674 | I35: ='2-better separation'!H70 -> 2.0254287 | J35: ='2-better separation'!I70 -> 0.14442489 | M35: 2 | N35: ='2-better separation'!B74 -> 0.0026357137 | O35: ='2-better separation'!C74 -> 0.0031243728 | P35: ='2-better separation'!D74 -> 0.2031234 | Q35: ='2-better separation'!E74 -> 0.79111652 | S35: {=INDEX($M$32:$Q$45, COLUMN(A4), ROW(A4))} -> Solvent | T35: {=INDEX($M$32:$Q$45, COLUMN(B4), ROW(B4))} -> 0.085361998 | U35: {=INDEX($M$32:$Q$45, COLUMN(C4), ROW(C4))} -> 0.16137319 | V35: {=INDEX($M$32:$Q$45, COLUMN(D4), ROW(D4))} -> 0.2031234 | W35: {=INDEX($M$32:$Q$45, COLUMN(E4), ROW(E4))} -> 0.24779148 | X35: {=INDEX($M$32:$Q$45, COLUMN(F4), ROW(F4))} -> 0.15450143 | Y35: {=INDEX($M$32:$Q$45, COLUMN(G4), ROW(G4))} -> 0.13782361 | Z35: {=INDEX($M$32:$Q$45, COLUMN(H4), ROW(H4))} -> 0 | ... AF35: {=INDEX($M$32:$Q$45, COLUMN(N4), ROW(N4))} -> 0.15869439
B36: 3 | C36: ='3-Source management'!B70 -> 0.23166305 | D36: ='3-Source management'!C70 -> 0.015914618 | E36: ='3-Source management'!D70 -> 0.82672859 | F36: ='3-Source management'!E70 -> 0.015513838 | G36: ='3-Source management'!F70 -> 0.42831779 | H36: ='3-Source management'!G70 -> 0.13656866 | I36: ='3-Source management'!H70 -> 1.6547065 | J36: ='3-Source management'!I70 -> 0.05624156 | M36: 3 | N36: ='3-Source management'!B74 -> 0.0032153376 | O36: ='3-Source management'!C74 -> 0.0038114459 | P36: ='3-Source management'!D74 -> 0.24779148 | Q36: ='3-Source management'!E74 -> 0.74518174 | S36: {=INDEX($M$32:$Q$45, COLUMN(A5), ROW(A5))} -> Water | T36: {=INDEX($M$32:$Q$45, COLUMN(B5), ROW(B5))} -> 0.91287603 | U36: {=INDEX($M$32:$Q$45, COLUMN(C5), ROW(C5))} -> 0.83405063 | V36: {=INDEX($M$32:$Q$45, COLUMN(D5), ROW(D5))} -> 0.79111652 | W36: {=INDEX($M$32:$Q$45, COLUMN(E5), ROW(E5))} -> 0.74518174 | X36: {=INDEX($M$32:$Q$45, COLUMN(F5), ROW(F5))} -> 0.84111713 | Y36: {=INDEX($M$32:$Q$45, COLUMN(G5), ROW(G5))} -> 0.85842465 | Z36: {=INDEX($M$32:$Q$45, COLUMN(H5), ROW(H5))} -> 0 | ... AF36: {=INDEX($M$32:$Q$45, COLUMN(N5), ROW(N5))} -> 0.83714151
B37: 4 | C37: ='4-Cascade'!B71 -> 0.23867358 | D37: ='4-Cascade'!C71 -> 0.027615654 | E37: ='4-Cascade'!D71 -> 1.416857 | F37: ='4-Cascade'!E71 -> 0.015729645 | G37: ='4-Cascade'!F71 -> 0.71994212 | H37: ='4-Cascade'!G71 -> 0.1353544 | I37: ='4-Cascade'!H71 -> 2.5541724 | J37: ='4-Cascade'!I71 -> 0.016652463 | M37: 4 | N37: ='4-Cascade'!B78 -> 0.0020049167 | O37: ='4-Cascade'!C78 -> 0.0023765223 | P37: ='4-Cascade'!D78 -> 0.15450143 | Q37: ='4-Cascade'!E78 -> 0.84111713
B38: 5 | C38: ='5-alternativess'!B76 -> 0.061899494 | D38: ='5-alternativess'!C76 -> 0.028649177 | E38: ='5-alternativess'!D76 -> 1.4697519 | F38: ='5-alternativess'!E76 -> 0.016319088 | G38: ='5-alternativess'!F76 -> 0.7469372 | H38: ='5-alternativess'!G76 -> 0.14045425 | I38: ='5-alternativess'!H76 -> 2.4640111 | J38: ='5-alternativess'!I76 -> 0.061706464 | M38: 5 | N38: ='5-alternativess'!B83 -> 0.001558461 | O38: ='5-alternativess'!C83 -> 0.0021932755 | P38: ='5-alternativess'!D83 -> 0.13782361 | Q38: ='5-alternativess'!E83 -> 0.85842465
B40: 2030 Basic | C40: =baseline!D13 -> 1.6436131 | D40: =baseline!D14 -> 0.17978428 | E40: =baseline!D15 -> 9.4852979 | F40: =baseline!D16 -> 0.10855634 | G40: =baseline!D17 -> 4.7840823 | H40: =baseline!D18 -> 1.1816198 | I40: =SUM(C40:H40) -> 17.382954 | M40: 2030 Basic | N40: =baseline!Q11 -> 0.00015229379 | O40: =baseline!Q12 -> 0.0020084257 | P40: =baseline!Q13 -> 0.10807117 | Q40: =baseline!Q14 -> 0.88976811
B41: 1 | C41: ='1-incineration improvement'!J70 -> 1.6323173 | D41: ='1-incineration improvement'!K70 -> 0.16994007 | E41: ='1-incineration improvement'!L70 -> 8.974732 | F41: ='1-incineration improvement'!M70 -> 0.10800492 | G41: ='1-incineration improvement'!N70 -> 4.5335198 | H41: ='1-incineration improvement'!O70 -> 1.1786311 | I41: ='1-incineration improvement'!P70 -> 16.597145 | J41: ='1-incineration improvement'!Q70 -> 0.088222717 | M41: 1 | N41: ='1-incineration improvement'!J74 -> 0.0021518587 | O41: ='1-incineration improvement'!K74 -> 0.0027767455 | P41: ='1-incineration improvement'!L74 -> 0.17960017 | Q41: ='1-incineration improvement'!M74 -> 0.81547123
B42: 2 | C42: ='2-better separation'!J70 -> 1.5809886 | D42: ='2-better separation'!K70 -> 0.13052384 | E42: ='2-better separation'!L70 -> 6.9299556 | F42: ='2-better separation'!M70 -> 0.10537904 | G42: ='2-better separation'!N70 -> 3.5293759 | H42: ='2-better separation'!O70 -> 1.16193 | I42: ='2-better separation'!P70 -> 13.438153 | J42: ='2-better separation'!Q70 -> 0.888266 | M42: 2 | N42: ='2-better separation'!J74 -> 0.0026659338 | O42: ='2-better separation'!K74 -> 0.0034400841 | P42: ='2-better separation'!L74 -> 0.22250513 | Q42: ='2-better separation'!M74 -> 0.77138885
B43: 3 | C43: ='3-Source management'!J70 -> 1.5475843 | D43: ='3-Source management'!K70 -> 0.10184787 | E43: ='3-Source management'!L70 -> 5.4428532 | F43: ='3-Source management'!M70 -> 0.10373852 | G43: ='3-Source management'!N70 -> 2.7994117 | H43: ='3-Source management'!O70 -> 1.1529136 | I43: ='3-Source management'!P70 -> 11.148349 | J43: ='3-Source management'!Q70 -> 0.36341932 | M43: 3 | N43: ='3-Source management'!J74 -> 0.0032087626 | O43: ='3-Source management'!K74 -> 0.0041405973 | P43: ='3-Source management'!L74 -> 0.26781403 | Q43: ='3-Source management'!M74 -> 0.72483661
B44: 4 | C44: ='4-Cascade'!J71 -> 1.459311 | D44: ='4-Cascade'!K71 -> 0.15132825 | E44: ='4-Cascade'!L71 -> 7.9920141 | F44: ='4-Cascade'!M71 -> 0.096571247 | G44: ='4-Cascade'!N71 -> 4.037861 | H44: ='4-Cascade'!O71 -> 1.0539795 | I44: ='4-Cascade'!P71 -> 14.791065 | J44: ='4-Cascade'!Q71 -> 0.61377057 | M44: 4 | N44: ='4-Cascade'!J78 -> 0.0021598971 | O44: ='4-Cascade'!K78 -> 0.0027870188 | P44: ='4-Cascade'!L78 -> 0.18026536 | Q44: ='4-Cascade'!M78 -> 0.81478772
B45: 5 | C45: ='5-alternativess'!J76 -> 0.40800969 | D45: ='5-alternativess'!K76 -> 0.16912815 | E45: ='5-alternativess'!L76 -> 8.9323885 | F45: ='5-alternativess'!M76 -> 0.10793386 | G45: ='5-alternativess'!N76 -> 4.5128072 | H45: ='5-alternativess'!O76 -> 1.178121 | I45: ='5-alternativess'!P76 -> 15.308388 | J45: ='5-alternativess'!Q76 -> 0.41738346 | M45: 5 | N45: ='5-alternativess'!J83 -> 0.001630566 | O45: ='5-alternativess'!K83 -> 0.00253354 | P45: ='5-alternativess'!L83 -> 0.15869439 | Q45: ='5-alternativess'!M83 -> 0.83714151
B48: 2025 Basic | C48: =C33/$I$33 -> 0.093194387 | D48: =D33/$I$33 -> 0.010818798 | E48: =E33/$I$33 -> 0.55497366 | F48: =F33/$I$33 -> 0.0061411139 | G48: =G33/$I$33 -> 0.28202701 | H48: =H33/$I$33 -> 0.05284503 | I48: =I33/$I$33 -> 1 | J48: =J33/$I$33 -> 0
B49: 2025 S1 | C49: =C34/$I$33 -> 0.092266478 | D49: =D34/$I$33 -> 0.010213682 | E49: =E34/$I$33 -> 0.52440891 | F49: =F34/$I$33 -> 0.0060912146 | G49: =G34/$I$33 -> 0.26685956 | H49: =H34/$I$33 -> 0.052553429 | I49: =I34/$I$33 -> 0.95239327 | J49: =J34/$I$33 -> 0.0053540351
B50: 2025 S2 | C50: =C35/$I$33 -> 0.089162206 | D50: =D35/$I$33 -> 0.0077558241 | E50: =E35/$I$33 -> 0.40029786 | F50: =F35/$I$33 -> 0.0059340799 | G50: =G35/$I$33 -> 0.20536045 | H50: =H35/$I$33 -> 0.051789584 | I50: =I35/$I$33 -> 0.76030001 | J50: =J35/$I$33 -> 0.054213829
B51: 2025 S3 | C51: =C36/$I$33 -> 0.086961057 | D51: =D36/$I$33 -> 0.0059739868 | E51: =E36/$I$33 -> 0.31033516 | F51: =F36/$I$33 -> 0.005823543 | G51: =G36/$I$33 -> 0.16078078 | H51: =H36/$I$33 -> 0.051264778 | I51: =I36/$I$33 -> 0.62113931 | J51: =J36/$I$33 -> 0.021111806
B52: 2025 S4 | C52: =C37/$I$33 -> 0.089592649 | D52: =D37/$I$33 -> 0.01036629 | E52: =E37/$I$33 -> 0.531856 | F52: =F37/$I$33 -> 0.0059045522 | G52: =G37/$I$33 -> 0.27024994 | H52: =H37/$I$33 -> 0.050808971 | I52: =I37/$I$33 -> 0.95877841 | J52: =J37/$I$33 -> 0.0062509571
B53: 2025 S5 | C53: =C38/$I$33 -> 0.023235666 | D53: =D38/$I$33 -> 0.010754251 | E53: =E38/$I$33 -> 0.55171153 | F53: =F38/$I$33 -> 0.0061258157 | G53: =G38/$I$33 -> 0.28038329 | H53: =H38/$I$33 -> 0.052723339 | I53: =I38/$I$33 -> 0.92493389 | J53: =J38/$I$33 -> 0.023163207
B55: 2030 Basic | C55: =C40/$I$40 -> 0.094553153 | D55: =D40/$I$40 -> 0.010342562 | E55: =E40/$I$40 -> 0.54566663 | F55: =F40/$I$40 -> 0.0062449882 | G55: =G40/$I$40 -> 0.27521688 | H55: =H40/$I$40 -> 0.06797578 | I55: =I40/$I$40 -> 1 | J55: =J40/$I$40 -> 0
B56: 2030 S1 | C56: =C41/$I$40 -> 0.093903331 | D56: =D41/$I$40 -> 0.0097762481 | E56: =E41/$I$40 -> 0.516295 | F56: =F41/$I$40 -> 0.0062132662 | G56: =G41/$I$40 -> 0.26080261 | H56: =H41/$I$40 -> 0.067803846 | I56: =I41/$I$40 -> 0.9547943 | J56: =J41/$I$40 -> 0.0050752432
B57: 2030 S2 | C57: =C42/$I$40 -> 0.090950512 | D57: =D42/$I$40 -> 0.0075087265 | E57: =E42/$I$40 -> 0.39866387 | F57: =F42/$I$40 -> 0.0060622057 | G57: =G42/$I$40 -> 0.20303661 | H57: =H42/$I$40 -> 0.066843071 | I57: =I42/$I$40 -> 0.77306499 | J57: =J42/$I$40 -> 0.051099831
B58: 2030 S3 | C58: =C43/$I$40 -> 0.089028847 | D58: =D43/$I$40 -> 0.0058590659 | E58: =E43/$I$40 -> 0.3131144 | F58: =F43/$I$40 -> 0.0059678307 | G58: =G43/$I$40 -> 0.1610435 | H58: =H43/$I$40 -> 0.066324379 | I58: =I43/$I$40 -> 0.64133802 | J58: =J43/$I$40 -> 0.020906649
B59: 2030 S4 | C59: =C44/$I$40 -> 0.083950689 | D59: =D44/$I$40 -> 0.0087055543 | E59: =E44/$I$40 -> 0.45976157 | F59: =F44/$I$40 -> 0.0055555142 | G59: =G44/$I$40 -> 0.23228854 | H59: =H44/$I$40 -> 0.060632932 | I59: =I44/$I$40 -> 0.8508948 | J59: =J44/$I$40 -> 0.035308761
B60: 2030 S5 | C60: =C45/$I$40 -> 0.023471828 | D60: =D45/$I$40 -> 0.0097295401 | E60: =E45/$I$40 -> 0.51385907 | F60: =F45/$I$40 -> 0.0062091784 | G60: =G45/$I$40 -> 0.25961107 | H60: =H45/$I$40 -> 0.067774502 | I60: =I45/$I$40 -> 0.88065519 | J60: =J45/$I$40 -> 0.024011078
A63: CED | C63: PAG | D63: Sur | E63: TARC | F63: Polymer | G63: ITC | H63: PBO | J63: Error | M63: share cc | N63: Gas | O63: Solid | P63: Solvent | Q63: Water | S63: {=INDEX($M$63:$Q$76, COLUMN(A1), ROW(A1))} -> share cc | T63: {=INDEX($M$63:$Q$76, COLUMN(B1), ROW(B1))} -> 2025 Basic | U63: {=INDEX($M$63:$Q$76, COLUMN(C1), ROW(C1))} -> 1 | V63: {=INDEX($M$63:$Q$76, COLUMN(D1), ROW(D1))} -> 2 | W63: {=INDEX($M$63:$Q$76, COLUMN(E1), ROW(E1))} -> 3 | X63: {=INDEX($M$63:$Q$76, COLUMN(F1), ROW(F1))} -> 4 | Y63: {=INDEX($M$63:$Q$76, COLUMN(G1), ROW(G1))} -> 5 | Z63: {=INDEX($M$63:$Q$76, COLUMN(H1), ROW(H1))} -> 0 | ... AF63: {=INDEX($M$63:$Q$76, COLUMN(N1), ROW(N1))} -> 5
B64: 2025 Basic | C64: =baseline!E5 -> 31028328 | D64: =baseline!E6 -> 2645782.9 | E64: =baseline!E7 -> 1.3664343e+08 | F64: =baseline!E8 -> 2066129.3 | G64: =baseline!E9 -> 70196162 | H64: =baseline!E10 -> 18152114 | I64: =SUM(C64:H64) -> 2.6073194e+08 | M64: 2025 Basic | N64: =baseline!U5 -> 0.00013703996 | O64: =baseline!U6 -> 0.0015808217 | P64: =baseline!U7 -> 0.11848961 | Q64: =baseline!U8 -> 0.87979253 | S64: {=INDEX($M$63:$Q$76, COLUMN(A2), ROW(A2))} -> Gas | T64: {=INDEX($M$63:$Q$76, COLUMN(B2), ROW(B2))} -> 0.00013703996 | U64: {=INDEX($M$63:$Q$76, COLUMN(C2), ROW(C2))} -> 0.0021163447 | V64: {=INDEX($M$63:$Q$76, COLUMN(D2), ROW(D2))} -> 0.0024441977 | W64: {=INDEX($M$63:$Q$76, COLUMN(E2), ROW(E2))} -> 0.0029271575 | X64: {=INDEX($M$63:$Q$76, COLUMN(F2), ROW(F2))} -> 0.0018989543 | Y64: {=INDEX($M$63:$Q$76, COLUMN(G2), ROW(G2))} -> 0.0014836313 | Z64: {=INDEX($M$63:$Q$76, COLUMN(H2), ROW(H2))} -> 0 | ... AF64: {=INDEX($M$63:$Q$76, COLUMN(N2), ROW(N2))} -> 0.0014928847
B65: 1 | C65: ='1-incineration improvement'!B71 -> 30522891 | D65: ='1-incineration improvement'!C71 -> 2290106 | E65: ='1-incineration improvement'!D71 -> 1.1868122e+08 | F65: ='1-incineration improvement'!E71 -> 2039538.5 | G65: ='1-incineration improvement'!F71 -> 61286985 | H65: ='1-incineration improvement'!G71 -> 18005680 | I65: ='1-incineration improvement'!H71 -> 2.3282642e+08 | J65: ='1-incineration improvement'!I71 -> 3627647.5 | M65: 1 | N65: ='1-incineration improvement'!B75 -> 0.0021163447 | O65: ='1-incineration improvement'!C75 -> 0.0025087264 | P65: ='1-incineration improvement'!D75 -> 0.23220275 | Q65: ='1-incineration improvement'!E75 -> 0.76317218 | S65: {=INDEX($M$63:$Q$76, COLUMN(A3), ROW(A3))} -> Solid | T65: {=INDEX($M$63:$Q$76, COLUMN(B3), ROW(B3))} -> 0.0015808217 | U65: {=INDEX($M$63:$Q$76, COLUMN(C3), ROW(C3))} -> 0.0025087264 | V65: {=INDEX($M$63:$Q$76, COLUMN(D3), ROW(D3))} -> 0.002897384 | W65: {=INDEX($M$63:$Q$76, COLUMN(E3), ROW(E3))} -> 0.0034698794 | X65: {=INDEX($M$63:$Q$76, COLUMN(F3), ROW(F3))} -> 0.0022509465 | Y65: {=INDEX($M$63:$Q$76, COLUMN(G3), ROW(G3))} -> 0.0020908182 | Z65: {=INDEX($M$63:$Q$76, COLUMN(H3), ROW(H3))} -> 0 | ... AF65: {=INDEX($M$63:$Q$76, COLUMN(N3), ROW(N3))} -> 0.0023209806
B66: 2 | C66: ='2-better separation'!B71 -> 30027971 | D66: ='2-better separation'!C71 -> 1900333.8 | E66: ='2-better separation'!D71 -> 98998812 | F66: ='2-better separation'!E71 -> 2014439.1 | G66: ='2-better separation'!F71 -> 51534075 | H66: ='2-better separation'!G71 -> 17883152 | I66: ='2-better separation'!H71 -> 2.0235878e+08 | J66: ='2-better separation'!I71 -> 13206372 | M66: 2 | N66: ='2-better separation'!B75 -> 0.0024441977 | O66: ='2-better separation'!C75 -> 0.002897384 | P66: ='2-better separation'!D75 -> 0.26817717 | Q66: ='2-better separation'!E75 -> 0.72648125 | S66: {=INDEX($M$63:$Q$76, COLUMN(A4), ROW(A4))} -> Solvent | T66: {=INDEX($M$63:$Q$76, COLUMN(B4), ROW(B4))} -> 0.11848961 | U66: {=INDEX($M$63:$Q$76, COLUMN(C4), ROW(C4))} -> 0.23220275 | V66: {=INDEX($M$63:$Q$76, COLUMN(D4), ROW(D4))} -> 0.26817717 | W66: {=INDEX($M$63:$Q$76, COLUMN(E4), ROW(E4))} -> 0.3211658 | X66: {=INDEX($M$63:$Q$76, COLUMN(F4), ROW(F4))} -> 0.20833852 | Y66: {=INDEX($M$63:$Q$76, COLUMN(G4), ROW(G4))} -> 0.18700709 | Z66: {=INDEX($M$63:$Q$76, COLUMN(H4), ROW(H4))} -> 0 | ... AF66: {=INDEX($M$63:$Q$76, COLUMN(N4), ROW(N4))} -> 0.21213484
B67: 3 | C67: ='3-Source management'!B71 -> 29496292 | D67: ='3-Source management'!C71 -> 1466701.7 | E67: ='3-Source management'!D71 -> 77106687 | F67: ='3-Source management'!E71 -> 1987812.4 | G67: ='3-Source management'!F71 -> 40685305 | H67: ='3-Source management'!G71 -> 17757889 | I67: ='3-Source management'!H71 -> 1.6850069e+08 | J67: ='3-Source management'!I71 -> 5127967.9 | M67: 3 | N67: ='3-Source management'!B75 -> 0.0029271575 | O67: ='3-Source management'!C75 -> 0.0034698794 | P67: ='3-Source management'!D75 -> 0.3211658 | Q67: ='3-Source management'!E75 -> 0.67243716 | S67: {=INDEX($M$63:$Q$76, COLUMN(A5), ROW(A5))} -> Water | T67: {=INDEX($M$63:$Q$76, COLUMN(B5), ROW(B5))} -> 0.87979253 | U67: {=INDEX($M$63:$Q$76, COLUMN(C5), ROW(C5))} -> 0.76317218 | V67: {=INDEX($M$63:$Q$76, COLUMN(D5), ROW(D5))} -> 0.72648125 | W67: {=INDEX($M$63:$Q$76, COLUMN(E5), ROW(E5))} -> 0.67243716 | X67: {=INDEX($M$63:$Q$76, COLUMN(F5), ROW(F5))} -> 0.78751158 | Y67: {=INDEX($M$63:$Q$76, COLUMN(G5), ROW(G5))} -> 0.80941846 | Z67: {=INDEX($M$63:$Q$76, COLUMN(H5), ROW(H5))} -> 0 | ... AF67: {=INDEX($M$63:$Q$76, COLUMN(N5), ROW(N5))} -> 0.78405129
B68: 4 | C68: ='4-Cascade'!B72 -> 29833078 | D68: ='4-Cascade'!C72 -> 2535333.7 | E68: ='4-Cascade'!D72 -> 1.3096545e+08 | F68: ='4-Cascade'!E72 -> 1986732.2 | G68: ='4-Cascade'!F72 -> 67274522 | H68: ='4-Cascade'!G72 -> 17453524 | I68: ='4-Cascade'!H72 -> 2.5004864e+08 | J68: ='4-Cascade'!I72 -> 1632745.7 | M68: 4 | N68: ='4-Cascade'!B79 -> 0.0018989543 | O68: ='4-Cascade'!C79 -> 0.0022509465 | P68: ='4-Cascade'!D79 -> 0.20833852 | Q68: ='4-Cascade'!E79 -> 0.78751158
B69: 5 | C69: ='5-alternativess'!B77 -> 7737415.8 | D69: ='5-alternativess'!C77 -> 2630304.5 | E69: ='5-alternativess'!D77 -> 1.3585916e+08 | F69: ='5-alternativess'!E77 -> 2061249 | G69: ='5-alternativess'!F77 -> 69799383 | H69: ='5-alternativess'!G77 -> 18111717 | I69: ='5-alternativess'!H77 -> 2.3619923e+08 | J69: ='5-alternativess'!I77 -> 7719528.1 | M69: 5 | N69: ='5-alternativess'!B84 -> 0.0014836313 | O69: ='5-alternativess'!C84 -> 0.0020908182 | P69: ='5-alternativess'!D84 -> 0.18700709 | Q69: ='5-alternativess'!E84 -> 0.80941846
B71: 2030 Basic | C71: =baseline!E13 -> 2.2064561e+08 | D71: =baseline!E14 -> 17783402 | E71: =baseline!E15 -> 9.4500873e+08 | F71: =baseline!E16 -> 14715715 | G71: =baseline!E17 -> 4.8202205e+08 | H71: =baseline!E18 -> 1.634251e+08 | I71: =SUM(C71:H71) -> 1.8436006e+09 | M71: 2030 Basic | N71: =baseline!U11 -> 0.00014203669 | O71: =baseline!U12 -> 0.0018732418 | P71: =baseline!U13 -> 0.14709618 | Q71: =baseline!U14 -> 0.85088855
B72: 1 | C72: ='1-incineration improvement'!J71 -> 2.1761577e+08 | D72: ='1-incineration improvement'!K71 -> 15253441 | E72: ='1-incineration improvement'!L71 -> 8.137778e+08 | F72: ='1-incineration improvement'!M71 -> 14565310 | G72: ='1-incineration improvement'!N71 -> 4.176095e+08 | H72: ='1-incineration improvement'!O71 -> 1.6256003e+08 | I72: ='1-incineration improvement'!P71 -> 1.6413818e+09 | J72: ='1-incineration improvement'!Q71 -> 26519684 | M72: 1 | N72: ='1-incineration improvement'!J75 -> 0.002109289 | O72: ='1-incineration improvement'!K75 -> 0.0027218941 | P72: ='1-incineration improvement'!L75 -> 0.25691281 | Q72: ='1-incineration improvement'!M75 -> 0.738256
B73: 2 | C73: ='2-better separation'!J71 -> 2.1437834e+08 | D73: ='2-better separation'!K71 -> 12876448 | E73: ='2-better separation'!L71 -> 6.9044945e+08 | F73: ='2-better separation'!M71 -> 14397224 | G73: ='2-better separation'!N71 -> 3.5703366e+08 | H73: ='2-better separation'!O71 -> 1.614389e+08 | I73: ='2-better separation'!P71 -> 1.450574e+09 | J73: ='2-better separation'!Q71 -> 88480968 | M73: 2 | N73: ='2-better separation'!J75 -> 0.0023919693 | O73: ='2-better separation'!K75 -> 0.0030866551 | P73: ='2-better separation'!L75 -> 0.29134166 | Q73: ='2-better separation'!M75 -> 0.70317972
B74: 3 | C74: ='3-Source management'!J71 -> 2.1115802e+08 | D74: ='3-Source management'!K71 -> 10019789 | E74: ='3-Source management'!L71 -> 5.4231198e+08 | F74: ='3-Source management'!M71 -> 14241153 | G74: ='3-Source management'!N71 -> 2.8433222e+08 | H74: ='3-Source management'!O71 -> 1.6062796e+08 | I74: ='3-Source management'!P71 -> 1.2226911e+09 | J74: ='3-Source management'!Q71 -> 36263998 | M74: 3 | N74: ='3-Source management'!J75 -> 0.002834938 | O74: ='3-Source management'!K75 -> 0.0036583206 | P74: ='3-Source management'!L75 -> 0.34529984 | Q74: ='3-Source management'!M75 -> 0.6482069
B75: 4 | C75: ='4-Cascade'!J72 -> 1.9644728e+08 | D75: ='4-Cascade'!K72 -> 15063025 | E75: ='4-Cascade'!L72 -> 8.0148762e+08 | F75: ='4-Cascade'!M72 -> 13119240 | G75: ='4-Cascade'!N72 -> 4.0968971e+08 | H75: ='4-Cascade'!O72 -> 1.4595351e+08 | I75: ='4-Cascade'!P72 -> 1.5817604e+09 | J75: ='4-Cascade'!Q72 -> 65642667 | M75: 4 | N75: ='4-Cascade'!J79 -> 0.0019573953 | O75: ='4-Cascade'!K79 -> 0.0025257958 | P75: ='4-Cascade'!L79 -> 0.23840341 | Q75: ='4-Cascade'!M79 -> 0.7571134
B76: 5 | C76: ='5-alternativess'!J77 -> 54925668 | D76: ='5-alternativess'!K77 -> 16835197 | E76: ='5-alternativess'!L77 -> 8.9581493e+08 | F76: ='5-alternativess'!M77 -> 14663132 | G76: ='5-alternativess'!N77 -> 4.5788953e+08 | H76: ='5-alternativess'!O77 -> 1.631474e+08 | I76: ='5-alternativess'!P77 -> 1.6032759e+09 | J76: ='5-alternativess'!Q77 -> 55891806 | M76: 5 | N76: ='5-alternativess'!J84 -> 0.0014928847 | O76: ='5-alternativess'!K84 -> 0.0023209806 | P76: ='5-alternativess'!L84 -> 0.21213484 | Q76: ='5-alternativess'!M84 -> 0.78405129
B79: 2025 Basic | C79: =C64/$I$64 -> 0.11900471 | D79: =D64/$I$64 -> 0.010147521 | E79: =E64/$I$64 -> 0.52407628 | F79: =F64/$I$64 -> 0.0079243429 | G79: =G64/$I$64 -> 0.26922732 | H79: =H64/$I$64 -> 0.069619832 | I79: =I64/$I$64 -> 1 | J79: =J64/$I$64 -> 0
B80: 2025 S1 | C80: =C65/$I$64 -> 0.11706617 | D80: =D65/$I$64 -> 0.0087833733 | E80: =E65/$I$64 -> 0.45518479 | F80: =F65/$I$64 -> 0.0078223577 | G80: =G65/$I$64 -> 0.23505745 | H80: =H65/$I$64 -> 0.069058206 | I80: =I65/$I$64 -> 0.89297234 | J80: =J65/$I$64 -> 0.013913322
B81: 2025 S2 | C81: =C66/$I$64 -> 0.11516798 | D81: =D66/$I$64 -> 0.0072884578 | E81: =E66/$I$64 -> 0.37969575 | F81: =F66/$I$64 -> 0.0077260923 | G81: =G66/$I$64 -> 0.19765156 | H81: =H66/$I$64 -> 0.068588266 | I81: =I66/$I$64 -> 0.7761181 | J81: =J66/$I$64 -> 0.050651146
B82: 2025 S3 | C82: =C67/$I$64 -> 0.1131288 | D82: =D67/$I$64 -> 0.0056253241 | E82: =E67/$I$64 -> 0.29573164 | F82: =F67/$I$64 -> 0.0076239696 | G82: =G67/$I$64 -> 0.15604265 | H82: =H67/$I$64 -> 0.068107836 | I82: =I67/$I$64 -> 0.64626023 | J82: =J67/$I$64 -> 0.019667586
B83: 2025 S4 | C83: =C68/$I$64 -> 0.11442049 | D83: =D68/$I$64 -> 0.0097239089 | E83: =E68/$I$64 -> 0.50229919 | F83: =F68/$I$64 -> 0.0076198267 | G83: =G68/$I$64 -> 0.25802178 | H83: =H68/$I$64 -> 0.066940491 | I83: =I68/$I$64 -> 0.9590257 | J83: =J68/$I$64 -> 0.006262162
B84: 2025 S5 | C84: =C69/$I$64 -> 0.029675749 | D84: =D69/$I$64 -> 0.010088156 | E84: =E69/$I$64 -> 0.52106832 | F84: =F69/$I$64 -> 0.0079056252 | G84: =G69/$I$64 -> 0.26770553 | H84: =H69/$I$64 -> 0.069464894 | I84: =I69/$I$64 -> 0.90590828 | J84: =J69/$I$64 -> 0.029607144
B86: 2030 Basic | C86: =C71/$I$71 -> 0.11968189 | D86: =D71/$I$71 -> 0.0096460167 | E86: =E71/$I$71 -> 0.51258864 | F86: =F71/$I$71 -> 0.0079820517 | G86: =G71/$I$71 -> 0.26145687 | H86: =H71/$I$71 -> 0.088644526 | I86: =I71/$I$71 -> 1 | J86: =J71/$I$71 -> 0
B87: 2030 S1 | C87: =C72/$I$71 -> 0.11803845 | D87: =D72/$I$71 -> 0.0082737233 | E87: =E72/$I$71 -> 0.44140677 | F87: =F72/$I$71 -> 0.0079004693 | G87: =G72/$I$71 -> 0.22651842 | H87: =H72/$I$71 -> 0.088175295 | I87: =I72/$I$71 -> 0.89031313 | J87: =J72/$I$71 -> 0.014384723
B88: 2030 S2 | C88: =C73/$I$71 -> 0.11628242 | D88: =D73/$I$71 -> 0.0069844021 | E88: =E73/$I$71 -> 0.3745114 | F88: =F73/$I$71 -> 0.0078092966 | G88: =G73/$I$71 -> 0.19366107 | H88: =H73/$I$71 -> 0.087567176 | I88: =I73/$I$71 -> 0.78681576 | J88: =J73/$I$71 -> 0.047993566
B89: 2030 S3 | C89: =C74/$I$71 -> 0.11453566 | D89: =D74/$I$71 -> 0.0054349022 | E89: =E74/$I$71 -> 0.29415914 | F89: =F74/$I$71 -> 0.0077246408 | G89: =G74/$I$71 -> 0.15422658 | H89: =H74/$I$71 -> 0.087127307 | I89: =I74/$I$71 -> 0.66320824 | J89: =J74/$I$71 -> 0.019670203
B90: 2030 S4 | C90: =C75/$I$71 -> 0.10655631 | D90: =D75/$I$71 -> 0.0081704383 | E90: =E75/$I$71 -> 0.43474038 | F90: =F75/$I$71 -> 0.0071160968 | G90: =G75/$I$71 -> 0.22222259 | H90: =H75/$I$71 -> 0.079167643 | I90: =I75/$I$71 -> 0.85797345 | J90: =J75/$I$71 -> 0.035605687
B91: 2030 S5 | C91: =C76/$I$71 -> 0.029792607 | D91: =D76/$I$71 -> 0.009131694 | E91: =E76/$I$71 -> 0.48590509 | F91: =F76/$I$71 -> 0.0079535294 | G91: =G76/$I$71 -> 0.24836699 | H91: =H76/$I$71 -> 0.088493893 | I91: =I76/$I$71 -> 0.86964381 | J91: =J76/$I$71 -> 0.030316656
C94: PAG | D94: Sur | E94: TARC | F94: Polymer | G94: ITC | H94: PBO | J94: Error | M94: share cc | N94: Gas | O94: Solid | P94: Solvent | Q94: Water | S94: {=INDEX($M$94:$Q$101, COLUMN(A1), ROW(A1))} -> share cc | T94: {=INDEX($M$94:$Q$101, COLUMN(B1), ROW(B1))} -> 2025 Basic | U94: {=INDEX($M$94:$Q$101, COLUMN(C1), ROW(C1))} -> 4 | V94: {=INDEX($M$94:$Q$101, COLUMN(D1), ROW(D1))} -> 5 | W94: {=INDEX($M$94:$Q$101, COLUMN(E1), ROW(E1))} -> 0 | X94: {=INDEX($M$94:$Q$101, COLUMN(F1), ROW(F1))} -> 2030 Basic | Y94: {=INDEX($M$94:$Q$101, COLUMN(G1), ROW(G1))} -> 4 | Z94: {=INDEX($M$94:$Q$101, COLUMN(H1), ROW(H1))} -> 5
B95: 2025 Basic | C95: =baseline!G5 -> 793.19493 | D95: =baseline!G6 -> 18.675883 | E95: =baseline!G7 -> 1028.0208 | F95: =baseline!G8 -> 53.907243 | G95: =baseline!G9 -> 578.53942 | H95: =baseline!G10 -> 521.70404 | I95: =SUM(C95:H95) -> 2994.0424 | M95: 2025 Basic | N95: {=INDEX(baseline!$X$5:'baseline'!$X$8, COLUMN(A1), ROW(A1))} -> 0.0042063435 | O95: {=INDEX(baseline!$X$5:'baseline'!$X$8, COLUMN(B1), ROW(B1))} -> 0.004986444 | P95: {=INDEX(baseline!$X$5:'baseline'!$X$8, COLUMN(C1), ROW(C1))} -> 0.50945152 | Q95: {=INDEX(baseline!$X$5:'baseline'!$X$8, COLUMN(D1), ROW(D1))} -> 0.48135569 | S95: {=INDEX($M$94:$Q$101, COLUMN(A2), ROW(A2))} -> Gas | T95: {=INDEX($M$94:$Q$101, COLUMN(B2), ROW(B2))} -> 0.0042063435 | U95: {=INDEX($M$94:$Q$101, COLUMN(C2), ROW(C2))} -> 0.0042063435 | V95: {=INDEX($M$94:$Q$101, COLUMN(D2), ROW(D2))} -> 0.0014739529 | W95: {=INDEX($M$94:$Q$101, COLUMN(E2), ROW(E2))} -> 0 | X95: {=INDEX($M$94:$Q$101, COLUMN(F2), ROW(F2))} -> 0.0039831747 | Y95: {=INDEX($M$94:$Q$101, COLUMN(G2), ROW(G2))} -> 0.0039832364 | Z95: {=INDEX($M$94:$Q$101, COLUMN(H2), ROW(H2))} -> 0.0013824883
B96: 4 | C96: ='4-Cascade'!B74 -> 765.16326 | D96: ='4-Cascade'!C74 -> 18.015874 | E96: ='4-Cascade'!D74 -> 991.78284 | F96: ='4-Cascade'!E74 -> 52.00215 | G96: ='4-Cascade'!F74 -> 558.05553 | H96: ='4-Cascade'!G74 -> 503.16593 | I96: ='4-Cascade'!H74 -> 2888.1856 | J96: ='4-Cascade'!I74 -> 18.918442 | M96: 4 | N96: =N95 -> 0.0042063435 | O96: =O95 -> 0.004986444 | P96: =P95 -> 0.50945152 | Q96: =Q95 -> 0.48135569 | S96: {=INDEX($M$94:$Q$101, COLUMN(A3), ROW(A3))} -> Solid | T96: {=INDEX($M$94:$Q$101, COLUMN(B3), ROW(B3))} -> 0.004986444 | U96: {=INDEX($M$94:$Q$101, COLUMN(C3), ROW(C3))} -> 0.004986444 | V96: {=INDEX($M$94:$Q$101, COLUMN(D3), ROW(D3))} -> 0.0044357726 | W96: {=INDEX($M$94:$Q$101, COLUMN(E3), ROW(E3))} -> 0 | X96: {=INDEX($M$94:$Q$101, COLUMN(F3), ROW(F3))} -> 0.0051401624 | Y96: {=INDEX($M$94:$Q$101, COLUMN(G3), ROW(G3))} -> 0.0051401286 | Z96: {=INDEX($M$94:$Q$101, COLUMN(H3), ROW(H3))} -> 0.0046642942
B97: 5 | C97: ='5-alternativess'!B79 -> 198.29873 | D97: ='5-alternativess'!C79 -> 18.675883 | E97: ='5-alternativess'!D79 -> 1028.0208 | F97: ='5-alternativess'!E79 -> 53.907243 | G97: ='5-alternativess'!F79 -> 578.53942 | H97: ='5-alternativess'!G79 -> 521.70404 | I97: ='5-alternativess'!H79 -> 2399.1462 | J97: ='5-alternativess'!I79 -> 198.29873 | M97: 5 | N97: ='5-alternativess'!B86 -> 0.0014739529 | O97: ='5-alternativess'!C86 -> 0.0044357726 | P97: ='5-alternativess'!D86 -> 0.3949721 | Q97: ='5-alternativess'!E86 -> 0.59911818 | S97: {=INDEX($M$94:$Q$101, COLUMN(A4), ROW(A4))} -> Solvent | T97: {=INDEX($M$94:$Q$101, COLUMN(B4), ROW(B4))} -> 0.50945152 | U97: {=INDEX($M$94:$Q$101, COLUMN(C4), ROW(C4))} -> 0.50945152 | V97: {=INDEX($M$94:$Q$101, COLUMN(D4), ROW(D4))} -> 0.3949721 | W97: {=INDEX($M$94:$Q$101, COLUMN(E4), ROW(E4))} -> 0 | X97: {=INDEX($M$94:$Q$101, COLUMN(F4), ROW(F4))} -> 0.52388117 | Y97: {=INDEX($M$94:$Q$101, COLUMN(G4), ROW(G4))} -> 0.52387884 | Z97: {=INDEX($M$94:$Q$101, COLUMN(H4), ROW(H4))} -> 0.42069522
S98: {=INDEX($M$94:$Q$101, COLUMN(A5), ROW(A5))} -> Water | T98: {=INDEX($M$94:$Q$101, COLUMN(B5), ROW(B5))} -> 0.48135569 | U98: {=INDEX($M$94:$Q$101, COLUMN(C5), ROW(C5))} -> 0.48135569 | V98: {=INDEX($M$94:$Q$101, COLUMN(D5), ROW(D5))} -> 0.59911818 | W98: {=INDEX($M$94:$Q$101, COLUMN(E5), ROW(E5))} -> 0 | X98: {=INDEX($M$94:$Q$101, COLUMN(F5), ROW(F5))} -> 0.46699549 | Y98: {=INDEX($M$94:$Q$101, COLUMN(G5), ROW(G5))} -> 0.4669978 | Z98: {=INDEX($M$94:$Q$101, COLUMN(H5), ROW(H5))} -> 0.57325799
B99: 2030 Basic | C99: =baseline!G13 -> 5828.3258 | D99: =baseline!G14 -> 137.22873 | E99: =baseline!G15 -> 7761.644 | F99: =baseline!G16 -> 396.10563 | G99: =baseline!G17 -> 4326.6797 | H99: =baseline!G18 -> 4833.3514 | I99: =SUM(C99:H99) -> 23283.335 | M99: 2030 Basic | N99: {=INDEX(baseline!$X$11:'baseline'!$X$14, COLUMN(A1), ROW(A1))} -> 0.0039831747 | O99: {=INDEX(baseline!$X$11:'baseline'!$X$14, COLUMN(B1), ROW(B1))} -> 0.0051401624 | P99: {=INDEX(baseline!$X$11:'baseline'!$X$14, COLUMN(C1), ROW(C1))} -> 0.52388117 | Q99: {=INDEX(baseline!$X$11:'baseline'!$X$14, COLUMN(D1), ROW(D1))} -> 0.46699549
B100: 4 | C100: ='4-Cascade'!J74 -> 5213.9771 | D100: ='4-Cascade'!K74 -> 122.7638 | E100: ='4-Cascade'!L74 -> 6943.3433 | F100: ='4-Cascade'!M74 -> 354.35316 | G100: ='4-Cascade'!N74 -> 3870.6227 | H100: ='4-Cascade'!O74 -> 4323.5581 | I100: ='4-Cascade'!P74 -> 20828.618 | J100: ='4-Cascade'!Q74 -> 864.49114 | M100: 4 | N100: ='4-Cascade'!AA33 -> 0.0039832364 | O100: ='4-Cascade'!AB33 -> 0.0051401286 | P100: ='4-Cascade'!AC33 -> 0.52387884 | Q100: ='4-Cascade'!AD33 -> 0.4669978
B101: 5 | C101: ='5-alternativess'!J79 -> 1457.0815 | D101: ='5-alternativess'!K79 -> 137.22873 | E101: ='5-alternativess'!L79 -> 7761.644 | F101: ='5-alternativess'!M79 -> 396.10563 | G101: ='5-alternativess'!N79 -> 4326.6797 | H101: ='5-alternativess'!O79 -> 4833.3514 | I101: ='5-alternativess'!P79 -> 18912.091 | J101: ='5-alternativess'!Q79 -> 1457.0815 | M101: 5 | N101: ='5-alternativess'!J86 -> 0.0013824883 | O101: ='5-alternativess'!K86 -> 0.0046642942 | P101: ='5-alternativess'!L86 -> 0.42069522 | Q101: ='5-alternativess'!M86 -> 0.57325799
X102: 2030 Basic | AB102: 4 | AC102: 5
X103: 0.0039831747 | Y103: 0.0039831747 | Z103: 0.0039831747 | AA103: 0.0039831747 | AB103: 0.0039831747 | AC103: 0.0013824883
B104: 2025 Basic | C104: =C95/$I$95 -> 0.26492442 | D104: =D95/$I$95 -> 0.0062376816 | E104: =E95/$I$95 -> 0.34335548 | F104: =F95/$I$95 -> 0.018004837 | G104: =G95/$I$95 -> 0.19323021 | H104: =H95/$I$95 -> 0.17424738 | I104: =I95/$I$95 -> 1 | J104: =J95/$I$95 -> 0 | X104: 0.0051401624 | Y104: 0.0051401624 | Z104: 0.0051401624 | AA104: 0.0051401624 | AB104: 0.0051401624 | AC104: 0.0046642942
B105: 2025 S4 | C105: =C96/$I$95 -> 0.25556194 | D105: =D96/$I$95 -> 0.0060172407 | E105: =E96/$I$95 -> 0.33125211 | F105: =F96/$I$95 -> 0.017368542 | G105: =G96/$I$95 -> 0.18638865 | H105: =H96/$I$95 -> 0.16805571 | I105: =I96/$I$95 -> 0.96464419 | J105: =J96/$I$95 -> 0.0063186957 | X105: 0.52388117 | Y105: 0.52388117 | Z105: 0.52388117 | AA105: 0.52388117 | AB105: 0.52388117 | AC105: 0.42069522
B106: 2025 S5 | C106: =C97/$I$95 -> 0.066231104 | D106: =D97/$I$95 -> 0.0062376816 | E106: =E97/$I$95 -> 0.34335548 | F106: =F97/$I$95 -> 0.018004837 | G106: =G97/$I$95 -> 0.19323021 | H106: =H97/$I$95 -> 0.17424738 | I106: =I97/$I$95 -> 0.80130669 | J106: =J97/$I$95 -> 0.066231104 | X106: 0.46699549 | Y106: 0.46699549 | Z106: 0.46699549 | AA106: 0.46699549 | AB106: 0.46699549 | AC106: 0.57325799
B108: 2030 Basic | C108: =C99/$I$99 -> 0.25032178 | D108: =D99/$I$99 -> 0.0058938604 | E108: =E99/$I$99 -> 0.33335619 | F108: =F99/$I$99 -> 0.017012409 | G108: =G99/$I$99 -> 0.18582732 | H108: =H99/$I$99 -> 0.20758845 | I108: =I99/$I$99 -> 1 | J108: =J99/$I$99 -> 0
B109: 2030 S4 | C109: =C100/$I$99 -> 0.22393601 | D109: =D100/$I$99 -> 0.0052726039 | E109: =E100/$I$99 -> 0.29821085 | F109: =F100/$I$99 -> 0.015219175 | G109: =G100/$I$99 -> 0.16624004 | H109: =H100/$I$99 -> 0.18569324 | I109: =I100/$I$99 -> 0.89457193 | J109: =J100/$I$99 -> 0.03712918
B110: 2030 S5 | C110: =C101/$I$99 -> 0.062580444 | D110: =D101/$I$99 -> 0.0058938604 | E110: =E101/$I$99 -> 0.33335619 | F110: =F101/$I$99 -> 0.017012409 | G110: =G101/$I$99 -> 0.18582732 | H110: =H101/$I$99 -> 0.20758845 | I110: =I101/$I$99 -> 0.81225867 | J110: =J101/$I$99 -> 0.062580444

Sheet 1-incineration improvement
A5: 11MJ
A6: ='[1]data summary'!A35 -> yearly | B6: ='[1]data summary'!B35 -> 0 | C6: ='[1]data summary'!C35 -> CC | D6: ='[1]data summary'!D35 -> HTC | E6: ='[1]data summary'!E35 -> CED | G6: ='[2]data summary'!M25 -> 0 | H6: ='[2]data summary'!N25 -> 0 | I6: ='[2]data summary'!O25 -> CC | J6: ='[2]data summary'!P25 -> CC | K6: ='[2]data summary'!Q25 -> 0 | L6: ='[2]data summary'!R25 -> 0 | M6: ='[2]data summary'!S25 -> HTC | N6: ='[2]data summary'!T25 -> HTC | ... S6: ='[2]data summary'!Y25 -> 0
A7: ='[1]data summary'!A36 -> 2025 | B7: ='[1]data summary'!B36 -> PAG | C7: ='[1]data summary'!C36 -> 4251403.3 | D7: ='[1]data summary'!D36 -> 0.24581354 | E7: ='[1]data summary'!E36 -> 30496685 | G7: ='[2]data summary'!M26 -> 2025 | H7: ='[2]data summary'!N26 -> Gas | I7: ='[2]data summary'!O26 -> 0.065086345 | J7: ='[2]data summary'!P26 -> 0.0065249845 | K7: ='[2]data summary'!Q26 -> 0.0025733833 | L7: ='[2]data summary'!R26 -> 0 | M7: ='[2]data summary'!S26 -> 0.0053189608 | N7: ='[2]data summary'!T26 -> 0.0005330848 | ... S7: ='[2]data summary'!Y26 -> 0.0021518609
A8: ='[1]data summary'!A37 -> 0 | B8: ='[1]data summary'!B37 -> Sur | C8: ='[1]data summary'!C37 -> 224617.65 | D8: ='[1]data summary'!D37 -> 0.027020231 | E8: ='[1]data summary'!E37 -> 2242851.1 | G8: ='[2]data summary'!M27 -> 0 | H8: ='[2]data summary'!N27 -> Solid | I8: ='[2]data summary'!O27 -> 0.07715369 | J8: ='[2]data summary'!P27 -> 0.0077371707 | K8: ='[2]data summary'!Q27 -> 0.0030505019 | L8: ='[2]data summary'!R27 -> 0 | M8: ='[2]data summary'!S27 -> 0.0063050399 | N8: ='[2]data summary'!T27 -> 0.0006321105 | ... S8: ='[2]data summary'!Y27 -> 0.0025508231
A9: ='[1]data summary'!A38 -> 0 | B9: ='[1]data summary'!B38 -> TARC | C9: ='[1]data summary'!C38 -> 11780121 | D9: ='[1]data summary'!D38 -> 1.3875143 | E9: ='[1]data summary'!E38 -> 1.1629951e+08 | G9: ='[2]data summary'!M28 -> 0 | H9: ='[2]data summary'!N28 -> Solvent | I9: ='[2]data summary'!O28 -> 7.7757772 | J9: ='[2]data summary'!P28 -> 0.77944907 | K9: ='[2]data summary'!Q28 -> 0.30743861 | L9: ='[2]data summary'!R28 -> 0 | M9: ='[2]data summary'!S28 -> 0.40990547 | N9: ='[2]data summary'!T28 -> 0.041134487 | ... S9: ='[2]data summary'!Y28 -> 0.23609889
A10: ='[1]data summary'!A39 -> 0 | B10: ='[1]data summary'!B39 -> Polymer | C10: ='[1]data summary'!C39 -> 286208.05 | D10: ='[1]data summary'!D39 -> 0.016232341 | E10: ='[1]data summary'!E39 -> 2038811.2 | G10: ='[2]data summary'!M29 -> 0 | H10: ='[2]data summary'!N29 -> Water | I10: ='[2]data summary'!O29 -> 17.374113 | J10: ='[2]data summary'!P29 -> 1.7432502 | K10: ='[2]data summary'!Q29 -> 0.68693751 | L10: ='[2]data summary'!R29 -> 0 | M10: ='[2]data summary'!S29 -> 2.10137 | N10: ='[2]data summary'!T29 -> 0.21043305 | ... S10: ='[2]data summary'!Y29 -> 0.75919842
A11: ='[1]data summary'!A40 -> 0 | B11: ='[1]data summary'!B40 -> ITC | C11: ='[1]data summary'!C40 -> 6193782 | D11: ='[1]data summary'!D40 -> 0.70621839 | E11: ='[1]data summary'!E40 -> 60109138 | G11: ='[2]data summary'!M30 -> 0 | H11: ='[2]data summary'!N30 -> 0 | I11: ='[2]data summary'!O30 -> 25.29213 | J11: ='[2]data summary'!P30 -> 2.5369614 | K11: ='[2]data summary'!Q30 -> 0 | L11: ='[2]data summary'!R30 -> 0 | M11: ='[2]data summary'!S30 -> 2.5228994 | N11: ='[2]data summary'!T30 -> 0.25273273 | ... S11: ='[2]data summary'!Y30 -> 0
A12: ='[1]data summary'!A41 -> 0 | B12: ='[1]data summary'!B41 -> PBO | C12: ='[1]data summary'!C41 -> 2555997.8 | D12: ='[1]data summary'!D41 -> 0.14010064 | E12: ='[1]data summary'!E41 -> 18011777 | G12: ='[2]data summary'!M31 -> 0 | H12: ='[2]data summary'!N31 -> 0 | I12: ='[2]data summary'!O31 -> 0 | J12: ='[2]data summary'!P31 -> 0 | K12: ='[2]data summary'!Q31 -> 0 | L12: ='[2]data summary'!R31 -> 0 | M12: ='[2]data summary'!S31 -> 0 | N12: ='[2]data summary'!T31 -> 0 | ... S12: ='[2]data summary'!Y31 -> 0
A13: ='[1]data summary'!A42 -> 0 | B13: ='[1]data summary'!B42 -> 0 | C13: ='[1]data summary'!C42 -> 25292130 | D13: ='[1]data summary'!D42 -> 2.5228994 | E13: ='[1]data summary'!E42 -> 2.2919877e+08 | G13: ='[2]data summary'!M32 -> 2030 | H13: ='[2]data summary'!N32 -> Gas | I13: ='[2]data summary'!O32 -> 0.4600892 | J13: ='[2]data summary'!P32 -> 0.051349007 | K13: ='[2]data summary'!Q32 -> 0.0025552637 | L13: ='[2]data summary'!R32 -> 0 | M13: ='[2]data summary'!S32 -> 0.035769125 | N13: ='[2]data summary'!T32 -> 0.0039889688 | ... S13: ='[2]data summary'!Y32 -> 0.0021466589
A14: ='[1]data summary'!A43 -> 0 | B14: ='[1]data summary'!B43 -> 0 | C14: ='[1]data summary'!C43 -> 0 | D14: ='[1]data summary'!D43 -> 0 | E14: ='[1]data summary'!E43 -> 0 | G14: ='[2]data summary'!M33 -> 0 | H14: ='[2]data summary'!N33 -> Solid | I14: ='[2]data summary'!O33 -> 0.59371643 | J14: ='[2]data summary'!P33 -> 0.066254558 | K14: ='[2]data summary'!Q33 -> 0.0032974085 | L14: ='[2]data summary'!R33 -> 0 | M14: ='[2]data summary'!S33 -> 0.046156295 | N14: ='[2]data summary'!T33 -> 0.005146719 | ... S14: ='[2]data summary'!Y33 -> 0.0027701193
A15: ='[1]data summary'!A44 -> 2030 | B15: ='[1]data summary'!B44 -> PAG | C15: ='[1]data summary'!C44 -> 30470469 | D15: ='[1]data summary'!D44 -> 1.6330718 | E15: ='[1]data summary'!E44 -> 2.1749867e+08 | G15: ='[2]data summary'!M34 -> 0 | H15: ='[2]data summary'!N34 -> Solvent | I15: ='[2]data summary'!O34 -> 60.863622 | J15: ='[2]data summary'!P34 -> 6.7393192 | K15: ='[2]data summary'!Q34 -> 0.33802706 | L15: ='[2]data summary'!R34 -> 0 | M15: ='[2]data summary'!S34 -> 2.9853935 | N15: ='[2]data summary'!T34 -> 0.33673238 | ... S15: ='[2]data summary'!Y34 -> 0.26146467
A16: ='[1]data summary'!A45 -> 0 | B16: ='[1]data summary'!B45 -> Sur | C16: ='[1]data summary'!C45 -> 1492142.3 | D16: ='[1]data summary'!D45 -> 0.16877955 | E16: ='[1]data summary'!E45 -> 14913965 | G16: ='[2]data summary'!M35 -> 0 | H16: ='[2]data summary'!N35 -> Water | I16: ='[2]data summary'!O35 -> 118.13804 | J16: ='[2]data summary'!P35 -> 13.432348 | K16: ='[2]data summary'!Q35 -> 0.65612027 | L16: ='[2]data summary'!R35 -> 0 | M16: ='[2]data summary'!S35 -> 13.441604 | N16: ='[2]data summary'!T35 -> 1.4930943 | ... S16: ='[2]data summary'!Y35 -> 0.73361855
A17: ='[1]data summary'!A46 -> 0 | B17: ='[1]data summary'!B46 -> TARC | C17: ='[1]data summary'!C46 -> 80653744 | D17: ='[1]data summary'!D46 -> 8.9147865 | E17: ='[1]data summary'!E46 -> 7.9620267e+08 | G17: ='[2]data summary'!M36 -> 0 | H17: ='[2]data summary'!N36 -> 0 | I17: ='[2]data summary'!O36 -> 180.05547 | J17: ='[2]data summary'!P36 -> 20.289271 | K17: ='[2]data summary'!Q36 -> 0 | L17: ='[2]data summary'!R36 -> 0 | M17: ='[2]data summary'!S36 -> 16.508922 | N17: ='[2]data summary'!T36 -> 1.8389624 | ... S17: ='[2]data summary'!Y36 -> 0
... A20: ='[1]data summary'!A49 -> 0 | B20: ='[1]data summary'!B49 -> PBO | C20: ='[1]data summary'!C49 -> 23175498 | D20: ='[1]data summary'!D49 -> 1.1799188 | E20: ='[1]data summary'!E49 -> 1.6267299e+08 | G20: ='[2]data summary'!M39 -> 2030 | H20: ='[2]data summary'!N39 -> 0 | I20: ='[2]data summary'!O39 -> 180.05547 | J20: ='[2]data summary'!P39 -> 20.289271 | K20: ='[2]data summary'!Q39 -> 0 | L20: ='[2]data summary'!R39 -> 0 | M20: ='[2]data summary'!S39 -> 16.508922 | N20: ='[2]data summary'!T39 -> 1.8389624 | ... S20: ='[2]data summary'!Y39 -> 0
A21: ='[1]data summary'!A50 -> 0 | B21: ='[1]data summary'!B50 -> 0 | C21: ='[1]data summary'!C50 -> 1.8005547e+08 | D21: ='[1]data summary'!D50 -> 16.508922 | E21: ='[1]data summary'!E50 -> 1.6148622e+09
A25: 13MJ
A26: ='[3]data summary'!A35 -> yearly | B26: ='[3]data summary'!B35 -> 0 | C26: ='[3]data summary'!C35 -> CC | D26: ='[3]data summary'!D35 -> HTC | E26: ='[3]data summary'!E35 -> CED | G26: ='[4]data summary'!M25 -> 0 | H26: ='[4]data summary'!N25 -> 0 | I26: ='[4]data summary'!O25 -> CC | J26: ='[4]data summary'!P25 -> CC | K26: ='[4]data summary'!Q25 -> 0 | L26: ='[4]data summary'!R25 -> 0 | M26: ='[4]data summary'!S25 -> HTC | N26: ='[4]data summary'!T25 -> HTC | ... S26: ='[4]data summary'!Y25 -> 0
A27: ='[3]data summary'!A36 -> 2025 | B27: ='[3]data summary'!B36 -> PAG | C27: ='[3]data summary'!C36 -> 4250269.7 | D27: ='[3]data summary'!D36 -> 0.2457797 | E27: ='[3]data summary'!E36 -> 30549096 | G27: ='[4]data summary'!M26 -> 2025 | H27: ='[4]data summary'!N26 -> Gas | I27: ='[4]data summary'!O26 -> 0.064930173 | J27: ='[4]data summary'!P26 -> 0.0063416264 | K27: ='[4]data summary'!Q26 -> 0.0025171708 | L27: ='[4]data summary'!R26 -> 0 | M27: ='[4]data summary'!S26 -> 0.0053061891 | N27: ='[4]data summary'!T26 -> 0.00051812995 | ... S27: ='[4]data summary'!Y26 -> 0.0020808285
A28: ='[3]data summary'!A37 -> 0 | B28: ='[3]data summary'!B37 -> Sur | C28: ='[3]data summary'!C37 -> 231289.73 | D28: ='[3]data summary'!D37 -> 0.027397986 | E28: ='[3]data summary'!E37 -> 2337360.9 | G28: ='[4]data summary'!M27 -> 0 | H28: ='[4]data summary'!N27 -> Solid | I28: ='[4]data summary'!O27 -> 0.076968834 | J28: ='[4]data summary'!P27 -> 0.0075190383 | K28: ='[4]data summary'!Q27 -> 0.0029838777 | L28: ='[4]data summary'!R27 -> 0 | M28: ='[4]data summary'!S27 -> 0.0062899225 | N28: ='[4]data summary'!T27 -> 0.00061431954 | ... S28: ='[4]data summary'!Y27 -> 0.0024666297
A29: ='[3]data summary'!A38 -> 0 | B29: ='[3]data summary'!B38 -> TARC | C29: ='[3]data summary'!C38 -> 12115842 | D29: ='[3]data summary'!D38 -> 1.4065219 | E29: ='[3]data summary'!E38 -> 1.2106292e+08 | G29: ='[4]data summary'!M28 -> 0 | H29: ='[4]data summary'!N28 -> Solvent | I29: ='[4]data summary'!O28 -> 7.7571622 | J29: ='[4]data summary'!P28 -> 0.75743878 | K29: ='[4]data summary'!Q28 -> 0.30072462 | L29: ='[4]data summary'!R28 -> 0 | M29: ='[4]data summary'!S28 -> 0.40892315 | N29: ='[4]data summary'!T28 -> 0.039975058 | ... S29: ='[4]data summary'!Y28 -> 0.2283066
A30: ='[3]data summary'!A39 -> 0 | B30: ='[3]data summary'!B39 -> Polymer | C30: ='[3]data summary'!C39 -> 285979.57 | D30: ='[3]data summary'!D39 -> 0.016221482 | E30: ='[3]data summary'!E39 -> 2040265.9 | G30: ='[4]data summary'!M29 -> 0 | H30: ='[4]data summary'!N29 -> Water | I30: ='[4]data summary'!O29 -> 17.895841 | J30: ='[4]data summary'!P29 -> 1.7494598 | K30: ='[4]data summary'!Q29 -> 0.69377433 | L30: ='[4]data summary'!R29 -> 0 | M30: ='[4]data summary'!S29 -> 2.1309063 | N30: ='[4]data summary'!T29 -> 0.20793769 | ... S30: ='[4]data summary'!Y29 -> 0.76714594
A31: ='[3]data summary'!A40 -> 0 | B31: ='[3]data summary'!B40 -> ITC | C31: ='[3]data summary'!C40 -> 6359396 | D31: ='[3]data summary'!D40 -> 0.71560199 | E31: ='[3]data summary'!E40 -> 62464832 | G31: ='[4]data summary'!M30 -> 0 | H31: ='[4]data summary'!N30 -> 0 | I31: ='[4]data summary'!O30 -> 25.794902 | J31: ='[4]data summary'!P30 -> 2.5207592 | K31: ='[4]data summary'!Q30 -> 0 | L31: ='[4]data summary'!R30 -> 0 | M31: ='[4]data summary'!S30 -> 2.5514256 | N31: ='[4]data summary'!T30 -> 0.2490452 | ... S31: ='[4]data summary'!Y30 -> 0
A32: ='[3]data summary'!A41 -> 0 | B32: ='[3]data summary'!B41 -> PBO | C32: ='[3]data summary'!C41 -> 2552124.6 | D32: ='[3]data summary'!D41 -> 0.13990257 | E32: ='[3]data summary'!E41 -> 17999584 | G32: ='[4]data summary'!M31 -> 0 | H32: ='[4]data summary'!N31 -> 0 | I32: ='[4]data summary'!O31 -> 0 | J32: ='[4]data summary'!P31 -> 0 | K32: ='[4]data summary'!Q31 -> 0 | L32: ='[4]data summary'!R31 -> 0 | M32: ='[4]data summary'!S31 -> 0 | N32: ='[4]data summary'!T31 -> 0 | ... S32: ='[4]data summary'!Y31 -> 0
A33: ='[3]data summary'!A42 -> 0 | B33: ='[3]data summary'!B42 -> 0 | C33: ='[3]data summary'!C42 -> 25794902 | D33: ='[3]data summary'!D42 -> 2.5514256 | E33: ='[3]data summary'!E42 -> 2.3645406e+08 | G33: ='[4]data summary'!M32 -> 2030 | H33: ='[4]data summary'!N32 -> Gas | I33: ='[4]data summary'!O32 -> 0.45865562 | J33: ='[4]data summary'!P32 -> 0.051337499 | K33: ='[4]data summary'!Q32 -> 0.002497243 | L33: ='[4]data summary'!R32 -> 0 | M33: ='[4]data summary'!S32 -> 0.035657686 | N33: ='[4]data summary'!T32 -> 0.0039877199 | ... S33: ='[4]data summary'!Y32 -> 0.0020719191
A34: ='[3]data summary'!A43 -> 0 | B34: ='[3]data summary'!B43 -> 0 | C34: ='[3]data summary'!C43 -> 0 | D34: ='[3]data summary'!D43 -> 0 | E34: ='[3]data summary'!E43 -> 0 | G34: ='[4]data summary'!M33 -> 0 | H34: ='[4]data summary'!N33 -> Solid | I34: ='[4]data summary'!O33 -> 0.59186568 | J34: ='[4]data summary'!P33 -> 0.066260945 | K34: ='[4]data summary'!Q33 -> 0.003222532 | L34: ='[4]data summary'!R33 -> 0 | M34: ='[4]data summary'!S33 -> 0.046012431 | N34: ='[4]data summary'!T33 -> 0.0051467551 | ... S34: ='[4]data summary'!Y33 -> 0.0026736689
A35: ='[3]data summary'!A44 -> 2030 | B35: ='[3]data summary'!B44 -> PAG | C35: ='[3]data summary'!C44 -> 30441013 | D35: ='[3]data summary'!D44 -> 1.6315627 | E35: ='[3]data summary'!E44 -> 2.1773286e+08 | G35: ='[4]data summary'!M34 -> 0 | H35: ='[4]data summary'!N34 -> Solvent | I35: ='[4]data summary'!O34 -> 60.673895 | J35: ='[4]data summary'!P34 -> 6.7399035 | K35: ='[4]data summary'!Q34 -> 0.33035126 | L35: ='[4]data summary'!R34 -> 0 | M35: ='[4]data summary'!S34 -> 2.9760888 | N35: ='[4]data summary'!T34 -> 0.33672926 | ... S35: ='[4]data summary'!Y34 -> 0.25236096
A36: ='[3]data summary'!A45 -> 0 | B36: ='[3]data summary'!B45 -> Sur | C36: ='[3]data summary'!C45 -> 1539589.9 | D36: ='[3]data summary'!D45 -> 0.17110059 | E36: ='[3]data summary'!E45 -> 15592918 | G36: ='[4]data summary'!M35 -> 0 | H36: ='[4]data summary'!N35 -> Water | I36: ='[4]data summary'!O35 -> 121.94038 | J36: ='[4]data summary'!P35 -> 13.892786 | K36: ='[4]data summary'!Q35 -> 0.66392897 | L36: ='[4]data summary'!R35 -> 0 | M36: ='[4]data summary'!S35 -> 13.627609 | N36: ='[4]data summary'!T35 -> 1.518219 | ... S36: ='[4]data summary'!Y35 -> 0.74289346
A37: ='[3]data summary'!A46 -> 0 | B37: ='[3]data summary'!B46 -> TARC | C37: ='[3]data summary'!C46 -> 83104917 | D37: ='[3]data summary'!D46 -> 9.0346776 | E37: ='[3]data summary'!E46 -> 8.3135292e+08 | G37: ='[4]data summary'!M36 -> 0 | H37: ='[4]data summary'!N36 -> 0 | I37: ='[4]data summary'!O36 -> 183.66479 | J37: ='[4]data summary'!P36 -> 20.750288 | K37: ='[4]data summary'!Q36 -> 0 | L37: ='[4]data summary'!R36 -> 0 | M37: ='[4]data summary'!S36 -> 16.685368 | N37: ='[4]data summary'!T36 -> 1.8640827 | ... S37: ='[4]data summary'!Y36 -> 0
... A40: ='[3]data summary'!A49 -> 0 | B40: ='[3]data summary'!B49 -> PBO | C40: ='[3]data summary'!C49 -> 23123423 | D40: ='[3]data summary'!D49 -> 1.1773434 | E40: ='[3]data summary'!E49 -> 1.6244706e+08 | G40: ='[4]data summary'!M39 -> 2030 | H40: ='[4]data summary'!N39 -> 0 | I40: ='[4]data summary'!O39 -> 183.66479 | J40: ='[4]data summary'!P39 -> 20.750288 | K40: ='[4]data summary'!Q39 -> 0 | L40: ='[4]data summary'!R39 -> 0 | M40: ='[4]data summary'!S39 -> 16.685368 | N40: ='[4]data summary'!T39 -> 1.8640827 | ... S40: ='[4]data summary'!Y39 -> 0
A41: ='[3]data summary'!A50 -> 0 | B41: ='[3]data summary'!B50 -> 0 | C41: ='[3]data summary'!C50 -> 1.8366479e+08 | D41: ='[3]data summary'!D50 -> 16.685368 | E41: ='[3]data summary'!E50 -> 1.6679015e+09
A45: {=INDEX($A$6:$S$41, COLUMN(A1), ROW(A1))} -> yearly | B45: {=INDEX($A$6:$S$41, COLUMN(B1), ROW(B1))} -> 2025 | C45: {=INDEX($A$6:$S$41, COLUMN(C1), ROW(C1))} -> 0 | D45: {=INDEX($A$6:$S$41, COLUMN(D1), ROW(D1))} -> 0 | E45: {=INDEX($A$6:$S$41, COLUMN(E1), ROW(E1))} -> 0 | F45: {=INDEX($A$6:$S$41, COLUMN(F1), ROW(F1))} -> 0 | G45: {=INDEX($A$6:$S$41, COLUMN(G1), ROW(G1))} -> 0 | H45: {=INDEX($A$6:$S$41, COLUMN(H1), ROW(H1))} -> 0 | ... AJ45: {=INDEX($A$6:$S$41, COLUMN(AJ1), ROW(AJ1))} -> 0
A46: {=INDEX($A$6:$S$41, COLUMN(A2), ROW(A2))} -> 0 | B46: {=INDEX($A$6:$S$41, COLUMN(B2), ROW(B2))} -> PAG | C46: {=INDEX($A$6:$S$41, COLUMN(C2), ROW(C2))} -> Sur | D46: {=INDEX($A$6:$S$41, COLUMN(D2), ROW(D2))} -> TARC | E46: {=INDEX($A$6:$S$41, COLUMN(E2), ROW(E2))} -> Polymer | F46: {=INDEX($A$6:$S$41, COLUMN(F2), ROW(F2))} -> ITC | G46: {=INDEX($A$6:$S$41, COLUMN(G2), ROW(G2))} -> PBO | H46: {=INDEX($A$6:$S$41, COLUMN(H2), ROW(H2))} -> 0 | ... AJ46: {=INDEX($A$6:$S$41, COLUMN(AJ2), ROW(AJ2))} -> 0
A47: {=INDEX($A$6:$S$41, COLUMN(A3), ROW(A3))} -> CC | B47: {=INDEX($A$6:$S$41, COLUMN(B3), ROW(B3))} -> 4251403.3 | C47: {=INDEX($A$6:$S$41, COLUMN(C3), ROW(C3))} -> 224617.65 | D47: {=INDEX($A$6:$S$41, COLUMN(D3), ROW(D3))} -> 11780121 | E47: {=INDEX($A$6:$S$41, COLUMN(E3), ROW(E3))} -> 286208.05 | F47: {=INDEX($A$6:$S$41, COLUMN(F3), ROW(F3))} -> 6193782 | G47: {=INDEX($A$6:$S$41, COLUMN(G3), ROW(G3))} -> 2555997.8 | H47: {=INDEX($A$6:$S$41, COLUMN(H3), ROW(H3))} -> 25292130 | ... AJ47: {=INDEX($A$6:$S$41, COLUMN(AJ3), ROW(AJ3))} -> 1.8366479e+08
A48: {=INDEX($A$6:$S$41, COLUMN(A4), ROW(A4))} -> HTC | B48: {=INDEX($A$6:$S$41, COLUMN(B4), ROW(B4))} -> 0.24581354 | C48: {=INDEX($A$6:$S$41, COLUMN(C4), ROW(C4))} -> 0.027020231 | D48: {=INDEX($A$6:$S$41, COLUMN(D4), ROW(D4))} -> 1.3875143 | E48: {=INDEX($A$6:$S$41, COLUMN(E4), ROW(E4))} -> 0.016232341 | F48: {=INDEX($A$6:$S$41, COLUMN(F4), ROW(F4))} -> 0.70621839 | G48: {=INDEX($A$6:$S$41, COLUMN(G4), ROW(G4))} -> 0.14010064 | H48: {=INDEX($A$6:$S$41, COLUMN(H4), ROW(H4))} -> 2.5228994 | ... AJ48: {=INDEX($A$6:$S$41, COLUMN(AJ4), ROW(AJ4))} -> 16.685368
A49: {=INDEX($A$6:$S$41, COLUMN(A5), ROW(A5))} -> CED | B49: {=INDEX($A$6:$S$41, COLUMN(B5), ROW(B5))} -> 30496685 | C49: {=INDEX($A$6:$S$41, COLUMN(C5), ROW(C5))} -> 2242851.1 | D49: {=INDEX($A$6:$S$41, COLUMN(D5), ROW(D5))} -> 1.1629951e+08 | E49: {=INDEX($A$6:$S$41, COLUMN(E5), ROW(E5))} -> 2038811.2 | F49: {=INDEX($A$6:$S$41, COLUMN(F5), ROW(F5))} -> 60109138 | G49: {=INDEX($A$6:$S$41, COLUMN(G5), ROW(G5))} -> 18011777 | H49: {=INDEX($A$6:$S$41, COLUMN(H5), ROW(H5))} -> 2.2919877e+08 | ... AJ49: {=INDEX($A$6:$S$41, COLUMN(AJ5), ROW(AJ5))} -> 1.6679015e+09
A50: {=INDEX($A$6:$S$41, COLUMN(A6), ROW(A6))} -> 0 | B50: {=INDEX($A$6:$S$41, COLUMN(B6), ROW(B6))} -> 0 | C50: {=INDEX($A$6:$S$41, COLUMN(C6), ROW(C6))} -> 0 | D50: {=INDEX($A$6:$S$41, COLUMN(D6), ROW(D6))} -> 0 | E50: {=INDEX($A$6:$S$41, COLUMN(E6), ROW(E6))} -> 0 | F50: {=INDEX($A$6:$S$41, COLUMN(F6), ROW(F6))} -> 0 | G50: {=INDEX($A$6:$S$41, COLUMN(G6), ROW(G6))} -> 0 | H50: {=INDEX($A$6:$S$41, COLUMN(H6), ROW(H6))} -> 0 | ... AJ50: {=INDEX($A$6:$S$41, COLUMN(AJ6), ROW(AJ6))} -> 0
A51: {=INDEX($A$6:$S$41, COLUMN(A7), ROW(A7))} -> 0 | B51: {=INDEX($A$6:$S$41, COLUMN(B7), ROW(B7))} -> 2025 | C51: {=INDEX($A$6:$S$41, COLUMN(C7), ROW(C7))} -> 0 | D51: {=INDEX($A$6:$S$41, COLUMN(D7), ROW(D7))} -> 0 | E51: {=INDEX($A$6:$S$41, COLUMN(E7), ROW(E7))} -> 0 | F51: {=INDEX($A$6:$S$41, COLUMN(F7), ROW(F7))} -> 0 | G51: {=INDEX($A$6:$S$41, COLUMN(G7), ROW(G7))} -> 0 | H51: {=INDEX($A$6:$S$41, COLUMN(H7), ROW(H7))} -> 2030 | ... AJ51: {=INDEX($A$6:$S$41, COLUMN(AJ7), ROW(AJ7))} -> 0
A52: {=INDEX($A$6:$S$41, COLUMN(A8), ROW(A8))} -> 0 | B52: {=INDEX($A$6:$S$41, COLUMN(B8), ROW(B8))} -> Gas | C52: {=INDEX($A$6:$S$41, COLUMN(C8), ROW(C8))} -> Solid | D52: {=INDEX($A$6:$S$41, COLUMN(D8), ROW(D8))} -> Solvent | E52: {=INDEX($A$6:$S$41, COLUMN(E8), ROW(E8))} -> Water | F52: {=INDEX($A$6:$S$41, COLUMN(F8), ROW(F8))} -> 0 | G52: {=INDEX($A$6:$S$41, COLUMN(G8), ROW(G8))} -> 0 | H52: {=INDEX($A$6:$S$41, COLUMN(H8), ROW(H8))} -> Gas | ... AJ52: {=INDEX($A$6:$S$41, COLUMN(AJ8), ROW(AJ8))} -> 0
A53: {=INDEX($A$6:$S$41, COLUMN(A9), ROW(A9))} -> CC | B53: {=INDEX($A$6:$S$41, COLUMN(B9), ROW(B9))} -> 0.065086345 | C53: {=INDEX($A$6:$S$41, COLUMN(C9), ROW(C9))} -> 0.07715369 | D53: {=INDEX($A$6:$S$41, COLUMN(D9), ROW(D9))} -> 7.7757772 | E53: {=INDEX($A$6:$S$41, COLUMN(E9), ROW(E9))} -> 17.374113 | F53: {=INDEX($A$6:$S$41, COLUMN(F9), ROW(F9))} -> 25.29213 | G53: {=INDEX($A$6:$S$41, COLUMN(G9), ROW(G9))} -> 0 | H53: {=INDEX($A$6:$S$41, COLUMN(H9), ROW(H9))} -> 0.4600892 | ... AJ53: {=INDEX($A$6:$S$41, COLUMN(AJ9), ROW(AJ9))} -> 0
A54: {=INDEX($A$6:$S$41, COLUMN(A10), ROW(A10))} -> CC | B54: {=INDEX($A$6:$S$41, COLUMN(B10), ROW(B10))} -> 0.0065249845 | C54: {=INDEX($A$6:$S$41, COLUMN(C10), ROW(C10))} -> 0.0077371707 | D54: {=INDEX($A$6:$S$41, COLUMN(D10), ROW(D10))} -> 0.77944907 | E54: {=INDEX($A$6:$S$41, COLUMN(E10), ROW(E10))} -> 1.7432502 | F54: {=INDEX($A$6:$S$41, COLUMN(F10), ROW(F10))} -> 2.5369614 | G54: {=INDEX($A$6:$S$41, COLUMN(G10), ROW(G10))} -> 0 | H54: {=INDEX($A$6:$S$41, COLUMN(H10), ROW(H10))} -> 0.051349007 | ... AJ54: {=INDEX($A$6:$S$41, COLUMN(AJ10), ROW(AJ10))} -> 0
A55: {=INDEX($A$6:$S$41, COLUMN(A11), ROW(A11))} -> 0 | B55: {=INDEX($A$6:$S$41, COLUMN(B11), ROW(B11))} -> 0.0025733833 | C55: {=INDEX($A$6:$S$41, COLUMN(C11), ROW(C11))} -> 0.0030505019 | D55: {=INDEX($A$6:$S$41, COLUMN(D11), ROW(D11))} -> 0.30743861 | E55: {=INDEX($A$6:$S$41, COLUMN(E11), ROW(E11))} -> 0.68693751 | F55: {=INDEX($A$6:$S$41, COLUMN(F11), ROW(F11))} -> 0 | G55: {=INDEX($A$6:$S$41, COLUMN(G11), ROW(G11))} -> 0 | H55: {=INDEX($A$6:$S$41, COLUMN(H11), ROW(H11))} -> 0.0025552637 | ... AJ55: {=INDEX($A$6:$S$41, COLUMN(AJ11), ROW(AJ11))} -> 0
A56: {=INDEX($A$6:$S$41, COLUMN(A12), ROW(A12))} -> 0 | B56: {=INDEX($A$6:$S$41, COLUMN(B12), ROW(B12))} -> 0 | C56: {=INDEX($A$6:$S$41, COLUMN(C12), ROW(C12))} -> 0 | D56: {=INDEX($A$6:$S$41, COLUMN(D12), ROW(D12))} -> 0 | E56: {=INDEX($A$6:$S$41, COLUMN(E12), ROW(E12))} -> 0 | F56: {=INDEX($A$6:$S$41, COLUMN(F12), ROW(F12))} -> 0 | G56: {=INDEX($A$6:$S$41, COLUMN(G12), ROW(G12))} -> 0 | H56: {=INDEX($A$6:$S$41, COLUMN(H12), ROW(H12))} -> 0 | ... AJ56: {=INDEX($A$6:$S$41, COLUMN(AJ12), ROW(AJ12))} -> 0
... A63: {=INDEX($A$6:$S$41, COLUMN(A19), ROW(A19))} -> 0 | B63: {=INDEX($A$6:$S$41, COLUMN(B19), ROW(B19))} -> 0.0021518609 | C63: {=INDEX($A$6:$S$41, COLUMN(C19), ROW(C19))} -> 0.0025508231 | D63: {=INDEX($A$6:$S$41, COLUMN(D19), ROW(D19))} -> 0.23609889 | E63: {=INDEX($A$6:$S$41, COLUMN(E19), ROW(E19))} -> 0.75919842 | F63: {=INDEX($A$6:$S$41, COLUMN(F19), ROW(F19))} -> 0 | G63: {=INDEX($A$6:$S$41, COLUMN(G19), ROW(G19))} -> 0 | H63: {=INDEX($A$6:$S$41, COLUMN(H19), ROW(H19))} -> 0.0021466589 | ... AJ63: {=INDEX($A$6:$S$41, COLUMN(AJ19), ROW(AJ19))} -> 0
A67: Final data for figure | B67: 2025 | J67: 2030
B68: PAG | C68: Sur | D68: TARC | E68: Polymer | F68: ITC | G68: PBO | H68: Total | I68: Error | J68: PAG | K68: Sur | L68: TARC | M68: Polymer | N68: ITC | O68: PBO | P68: Total | Q68: Error
A69: CC | B69: =(B47+V47)/2 -> 4250836.5 | C69: =(C47+W47)/2 -> 227953.69 | D69: =(D47+X47)/2 -> 11947982 | E69: =(E47+Y47)/2 -> 286093.81 | F69: =(F47+Z47)/2 -> 6276589 | G69: =(G47+AA47)/2 -> 2554061.2 | H69: =(H47+AB47)/2 -> 25543516 | I69: =ABS(H47-H69) -> 251386 | J69: =(J47+AD47)/2 -> 30455741 | K69: =(K47+AE47)/2 -> 1515866.1 | L69: =(L47+AF47)/2 -> 81879331 | M69: =(M47+AG47)/2 -> 2052407.8 | N69: =(N47+AH47)/2 -> 42807326 | O69: =(O47+AI47)/2 -> 23149460 | P69: =(P47+AJ47)/2 -> 1.8186013e+08 | Q69: =ABS(P47-P69) -> 1804661.3
A70: HTC | B70: =(B48+V48)/2 -> 0.24579662 | C70: =(C48+W48)/2 -> 0.027209108 | D70: =(D48+X48)/2 -> 1.3970181 | E70: =(E48+Y48)/2 -> 0.016226912 | F70: =(F48+Z48)/2 -> 0.71091019 | G70: =(G48+AA48)/2 -> 0.14000161 | H70: =(H48+AB48)/2 -> 2.5371625 | I70: =ABS(H48-H70) -> 0.014263075 | J70: =(J48+AD48)/2 -> 1.6323173 | K70: =(K48+AE48)/2 -> 0.16994007 | L70: =(L48+AF48)/2 -> 8.974732 | M70: =(M48+AG48)/2 -> 0.10800492 | N70: =(N48+AH48)/2 -> 4.5335198 | O70: =(O48+AI48)/2 -> 1.1786311 | P70: =(P48+AJ48)/2 -> 16.597145 | Q70: =ABS(P48-P70) -> 0.088222717
A71: CED | B71: =(B49+V49)/2 -> 30522891 | C71: =(C49+W49)/2 -> 2290106 | D71: =(D49+X49)/2 -> 1.1868122e+08 | E71: =(E49+Y49)/2 -> 2039538.5 | F71: =(F49+Z49)/2 -> 61286985 | G71: =(G49+AA49)/2 -> 18005680 | H71: =(H49+AB49)/2 -> 2.3282642e+08 | I71: =ABS(H49-H71) -> 3627647.5 | J71: =(J49+AD49)/2 -> 2.1761577e+08 | K71: =(K49+AE49)/2 -> 15253441 | L71: =(L49+AF49)/2 -> 8.137778e+08 | M71: =(M49+AG49)/2 -> 14565310 | N71: =(N49+AH49)/2 -> 4.176095e+08 | O71: =(O49+AI49)/2 -> 1.6256003e+08 | P71: =(P49+AJ49)/2 -> 1.6413818e+09 | Q71: =ABS(P49-P71) -> 26519684
A73: Share CC | B73: =(B55+V55)/2 -> 0.002545277 | C73: =(C55+W55)/2 -> 0.0030171898 | D73: =(D55+X55)/2 -> 0.30408161 | E73: =(E55+Y55)/2 -> 0.69035592 | J73: =(H55+AB55)/2 -> 0.0025262533 | K73: =(I55+AC55)/2 -> 0.0032599702 | L73: =(J55+AD55)/2 -> 0.33418916 | M73: =(K55+AE55)/2 -> 0.66002462
A74: Share HTC | B74: =(B59+V59)/2 -> 0.0020939844 | C74: =(C59+W59)/2 -> 0.0024821913 | D74: =(D59+X59)/2 -> 0.16137319 | E74: =(E59+Y59)/2 -> 0.83405063 | J74: =(H59+AB59)/2 -> 0.0021518587 | K74: =(I59+AC59)/2 -> 0.0027767455 | L74: =(J59+AD59)/2 -> 0.17960017 | M74: =(K59+AE59)/2 -> 0.81547123
A75: Share CED | B75: =(B63+V63)/2 -> 0.0021163447 | C75: =(C63+W63)/2 -> 0.0025087264 | D75: =(D63+X63)/2 -> 0.23220275 | E75: =(E63+Y63)/2 -> 0.76317218 | J75: =(H63+AB63)/2 -> 0.002109289 | K75: =(I63+AC63)/2 -> 0.0027218941 | L75: =(J63+AD63)/2 -> 0.25691281 | M75: =(K63+AE63)/2 -> 0.738256

Sheet 2-better separation
A5: 1.5
A6: ='[5]data summary'!A35 -> yearly | B6: ='[5]data summary'!B35 -> 0 | C6: ='[5]data summary'!C35 -> CC | D6: ='[5]data summary'!D35 -> HTC | E6: ='[5]data summary'!E35 -> CED | G6: ='[6]data summary'!M25 -> 0 | H6: ='[6]data summary'!N25 -> 0 | I6: ='[6]data summary'!O25 -> CC | J6: ='[6]data summary'!P25 -> CC | K6: ='[6]data summary'!Q25 -> 0 | L6: ='[6]data summary'!R25 -> 0 | M6: ='[6]data summary'!S25 -> HTC | N6: ='[6]data summary'!T25 -> HTC | ... S6: ='[6]data summary'!Y25 -> 0
A7: ='[5]data summary'!A36 -> 2025 | B7: ='[5]data summary'!B36 -> PAG | C7: ='[5]data summary'!C36 -> 4225983.1 | D7: ='[5]data summary'!D36 -> 0.24000977 | E7: ='[5]data summary'!E36 -> 30261196 | G7: ='[6]data summary'!M26 -> 2025 | H7: ='[6]data summary'!N26 -> Gas | I7: ='[6]data summary'!O26 -> 0.065047028 | J7: ='[6]data summary'!P26 -> 0.0063929236 | K7: ='[6]data summary'!Q26 -> 0.0027266437 | L7: ='[6]data summary'!R26 -> 0 | M7: ='[6]data summary'!S26 -> 0.0053157365 | N7: ='[6]data summary'!T26 -> 0.000522313 | ... S7: ='[6]data summary'!Y26 -> 0.0022865746
A8: ='[5]data summary'!A37 -> 0 | B8: ='[5]data summary'!B37 -> Sur | C8: ='[5]data summary'!C37 -> 206300.64 | D8: ='[5]data summary'!D37 -> 0.022505514 | E8: ='[5]data summary'!E37 -> 2068804.4 | G8: ='[6]data summary'!M27 -> 0 | H8: ='[6]data summary'!N27 -> Solid | I8: ='[6]data summary'!O27 -> 0.077107402 | J8: ='[6]data summary'!P27 -> 0.0075800997 | K8: ='[6]data summary'!Q27 -> 0.0032321909 | L8: ='[6]data summary'!R27 -> 0 | M8: ='[6]data summary'!S27 -> 0.0063012438 | N8: ='[6]data summary'!T27 -> 0.00061929897 | ... S8: ='[6]data summary'!Y27 -> 0.0027105244
A9: ='[5]data summary'!A38 -> 0 | B9: ='[5]data summary'!B38 -> TARC | C9: ='[5]data summary'!C38 -> 10854831 | D9: ='[5]data summary'!D38 -> 1.159527 | E9: ='[5]data summary'!E38 -> 1.0750802e+08 | G9: ='[6]data summary'!M28 -> 0 | H9: ='[6]data summary'!N28 -> Solvent | I9: ='[6]data summary'!O28 -> 7.7711305 | J9: ='[6]data summary'!P28 -> 0.76360161 | K9: ='[6]data summary'!Q28 -> 0.32575053 | L9: ='[6]data summary'!R28 -> 0 | M9: ='[6]data summary'!S28 -> 0.40965925 | N9: ='[6]data summary'!T28 -> 0.040299645 | ... S9: ='[6]data summary'!Y28 -> 0.25088114
A10: ='[5]data summary'!A39 -> 0 | B10: ='[5]data summary'!B39 -> Polymer | C10: ='[5]data summary'!C39 -> 284880.4 | D10: ='[5]data summary'!D39 -> 0.015936741 | E10: ='[5]data summary'!E39 -> 2026610.6 | G10: ='[6]data summary'!M29 -> 0 | H10: ='[6]data summary'!N29 -> Water | I10: ='[6]data summary'!O29 -> 15.942794 | J10: ='[6]data summary'!P29 -> 1.5678221 | K10: ='[6]data summary'!Q29 -> 0.66829063 | L10: ='[6]data summary'!R29 -> 0 | M10: ='[6]data summary'!S29 -> 1.7485774 | N10: ='[6]data summary'!T29 -> 0.17170309 | ... S10: ='[6]data summary'!Y29 -> 0.74412176
A11: ='[5]data summary'!A40 -> 0 | B11: ='[5]data summary'!B40 -> ITC | C11: ='[5]data summary'!C40 -> 5735174.8 | D11: ='[5]data summary'!D40 -> 0.59324028 | E11: ='[5]data summary'!E40 -> 55752417 | G11: ='[6]data summary'!M30 -> 0 | H11: ='[6]data summary'!N30 -> 0 | I11: ='[6]data summary'!O30 -> 23.856079 | J11: ='[6]data summary'!P30 -> 2.3453968 | K11: ='[6]data summary'!Q30 -> 0 | L11: ='[6]data summary'!R30 -> 0 | M11: ='[6]data summary'!S30 -> 2.1698536 | N11: ='[6]data summary'!T30 -> 0.21314435 | ... S11: ='[6]data summary'!Y30 -> 0
A12: ='[5]data summary'!A41 -> 0 | B12: ='[5]data summary'!B41 -> PBO | C12: ='[5]data summary'!C41 -> 2548908.9 | D12: ='[5]data summary'!D41 -> 0.13863426 | E12: ='[5]data summary'!E41 -> 17948111 | G12: ='[6]data summary'!M31 -> 0 | H12: ='[6]data summary'!N31 -> 0 | I12: ='[6]data summary'!O31 -> 0 | J12: ='[6]data summary'!P31 -> 0 | K12: ='[6]data summary'!Q31 -> 0 | L12: ='[6]data summary'!R31 -> 0 | M12: ='[6]data summary'!S31 -> 0 | N12: ='[6]data summary'!T31 -> 0 | ... S12: ='[6]data summary'!Y31 -> 0
A13: ='[5]data summary'!A42 -> 0 | B13: ='[5]data summary'!B42 -> 0 | C13: ='[5]data summary'!C42 -> 23856079 | D13: ='[5]data summary'!D42 -> 2.1698536 | E13: ='[5]data summary'!E42 -> 2.1556515e+08 | G13: ='[6]data summary'!M32 -> 2030 | H13: ='[6]data summary'!N32 -> Gas | I13: ='[6]data summary'!O32 -> 0.45877705 | J13: ='[6]data summary'!P32 -> 0.051149155 | K13: ='[6]data summary'!Q32 -> 0.0026699188 | L13: ='[6]data summary'!R32 -> 0 | M13: ='[6]data summary'!S32 -> 0.035667166 | N13: ='[6]data summary'!T32 -> 0.0039733552 | ... S13: ='[6]data summary'!Y32 -> 0.0022459707
A14: ='[5]data summary'!A43 -> 0 | B14: ='[5]data summary'!B43 -> 0 | C14: ='[5]data summary'!C43 -> 0 | D14: ='[5]data summary'!D43 -> 0 | E14: ='[5]data summary'!E43 -> 0 | G14: ='[6]data summary'!M33 -> 0 | H14: ='[6]data summary'!N33 -> Solid | I14: ='[6]data summary'!O33 -> 0.59201999 | J14: ='[6]data summary'!P33 -> 0.066001954 | K14: ='[6]data summary'!Q33 -> 0.0034453451 | L14: ='[6]data summary'!R33 -> 0 | M14: ='[6]data summary'!S33 -> 0.046024475 | N14: ='[6]data summary'!T33 -> 0.0051269809 | ... S14: ='[6]data summary'!Y33 -> 0.0028982587
A15: ='[5]data summary'!A44 -> 2030 | B15: ='[5]data summary'!B44 -> PAG | C15: ='[5]data summary'!C44 -> 30262478 | D15: ='[5]data summary'!D44 -> 1.5948825 | E15: ='[5]data summary'!E44 -> 2.1576015e+08 | G15: ='[6]data summary'!M34 -> 0 | H15: ='[6]data summary'!N34 -> Solvent | I15: ='[6]data summary'!O34 -> 60.689713 | J15: ='[6]data summary'!P34 -> 6.7136091 | K15: ='[6]data summary'!Q34 -> 0.35319248 | L15: ='[6]data summary'!R34 -> 0 | M15: ='[6]data summary'!S34 -> 2.9768692 | N15: ='[6]data summary'!T34 -> 0.33543965 | ... S15: ='[6]data summary'!Y34 -> 0.27355942
A16: ='[5]data summary'!A45 -> 0 | B16: ='[5]data summary'!B45 -> Sur | C16: ='[5]data summary'!C45 -> 1391571.3 | D16: ='[5]data summary'!D45 -> 0.14162188 | E16: ='[5]data summary'!E45 -> 13981956 | G16: ='[6]data summary'!M35 -> 0 | H16: ='[6]data summary'!N35 -> Water | I16: ='[6]data summary'!O35 -> 110.09133 | J16: ='[6]data summary'!P35 -> 12.434548 | K16: ='[6]data summary'!Q35 -> 0.64069226 | L16: ='[6]data summary'!R35 -> 0 | M16: ='[6]data summary'!S35 -> 11.267858 | N16: ='[6]data summary'!T35 -> 1.2513755 | ... S16: ='[6]data summary'!Y35 -> 0.72129636
A17: ='[5]data summary'!A46 -> 0 | B17: ='[5]data summary'!B46 -> TARC | C17: ='[5]data summary'!C46 -> 75427834 | D17: ='[5]data summary'!D46 -> 7.5056192 | E17: ='[5]data summary'!E46 -> 7.477955e+08 | G17: ='[6]data summary'!M36 -> 0 | H17: ='[6]data summary'!N36 -> 0 | I17: ='[6]data summary'!O36 -> 171.83184 | J17: ='[6]data summary'!P36 -> 19.265308 | K17: ='[6]data summary'!Q36 -> 0 | L17: ='[6]data summary'!R36 -> 0 | M17: ='[6]data summary'!S36 -> 14.326419 | N17: ='[6]data summary'!T36 -> 1.5959155 | ... S17: ='[6]data summary'!Y36 -> 0
... A20: ='[5]data summary'!A49 -> 0 | B20: ='[5]data summary'!B49 -> PBO | C20: ='[5]data summary'!C49 -> 23071749 | D20: ='[5]data summary'!D49 -> 1.1661933 | E20: ='[5]data summary'!E49 -> 1.6186204e+08 | G20: ='[6]data summary'!M39 -> 2030 | H20: ='[6]data summary'!N39 -> 0 | I20: ='[6]data summary'!O39 -> 171.83184 | J20: ='[6]data summary'!P39 -> 19.265308 | K20: ='[6]data summary'!Q39 -> 0 | L20: ='[6]data summary'!R39 -> 0 | M20: ='[6]data summary'!S39 -> 14.326419 | N20: ='[6]data summary'!T39 -> 1.5959155 | ... S20: ='[6]data summary'!Y39 -> 0
A21: ='[5]data summary'!A50 -> 0 | B21: ='[5]data summary'!B50 -> 0 | C21: ='[5]data summary'!C50 -> 1.7183184e+08 | D21: ='[5]data summary'!D50 -> 14.326419 | E21: ='[5]data summary'!E50 -> 1.539055e+09
A25: 2
A26: ='[7]data summary'!A35 -> yearly | B26: ='[7]data summary'!B35 -> 0 | C26: ='[7]data summary'!C35 -> CC | D26: ='[7]data summary'!D35 -> HTC | E26: ='[7]data summary'!E35 -> CED | G26: ='[8]data summary'!M25 -> 0 | H26: ='[8]data summary'!N25 -> 0 | I26: ='[8]data summary'!O25 -> CC | J26: ='[8]data summary'!P25 -> CC | K26: ='[8]data summary'!Q25 -> 0 | L26: ='[8]data summary'!R25 -> 0 | M26: ='[8]data summary'!S25 -> HTC | N26: ='[8]data summary'!T25 -> HTC | ... S26: ='[8]data summary'!Y25 -> 0
A27: ='[7]data summary'!A36 -> 2025 | B27: ='[7]data summary'!B36 -> PAG | C27: ='[7]data summary'!C36 -> 4184961.6 | D27: ='[7]data summary'!D36 -> 0.235044 | E27: ='[7]data summary'!E36 -> 29794746 | G27: ='[8]data summary'!M26 -> 2025 | H27: ='[8]data summary'!N26 -> Gas | I27: ='[8]data summary'!O26 -> 0.064946084 | J27: ='[8]data summary'!P26 -> 0.0062352594 | K27: ='[8]data summary'!Q26 -> 0.0029961666 | L27: ='[8]data summary'!R26 -> 0 | M27: ='[8]data summary'!S26 -> 0.0053074665 | N27: ='[8]data summary'!T26 -> 0.00050940972 | ... S27: ='[8]data summary'!Y26 -> 0.0026018208
A28: ='[7]data summary'!A37 -> 0 | B28: ='[7]data summary'!B37 -> Sur | C28: ='[7]data summary'!C37 -> 178559.98 | D28: ='[7]data summary'!D37 -> 0.018817303 | E28: ='[7]data summary'!E37 -> 1731863.1 | G28: ='[8]data summary'!M27 -> 0 | H28: ='[8]data summary'!N27 -> Solid | I28: ='[8]data summary'!O27 -> 0.076988336 | J28: ='[8]data summary'!P27 -> 0.0073937634 | K28: ='[8]data summary'!Q27 -> 0.0035517134 | L28: ='[8]data summary'!R27 -> 0 | M28: ='[8]data summary'!S27 -> 0.006291489 | N28: ='[8]data summary'!T27 -> 0.00060404922 | ... S28: ='[8]data summary'!Y27 -> 0.0030842435
A29: ='[7]data summary'!A38 -> 0 | B29: ='[7]data summary'!B38 -> TARC | C29: ='[7]data summary'!C38 -> 9453353.9 | D29: ='[7]data summary'!D38 -> 0.97324892 | E29: ='[7]data summary'!E38 -> 90489608 | G29: ='[8]data summary'!M28 -> 0 | H29: ='[8]data summary'!N28 -> Solvent | I29: ='[8]data summary'!O28 -> 7.7591649 | J29: ='[8]data summary'!P28 -> 0.74486089 | K29: ='[8]data summary'!Q28 -> 0.35795462 | L29: ='[8]data summary'!R28 -> 0 | M29: ='[8]data summary'!S28 -> 0.40902614 | N29: ='[8]data summary'!T28 -> 0.039308737 | ... S29: ='[8]data summary'!Y28 -> 0.28547321
A30: ='[7]data summary'!A39 -> 0 | B30: ='[7]data summary'!B39 -> Polymer | C30: ='[7]data summary'!C39 -> 282696.83 | D30: ='[7]data summary'!D39 -> 0.015679873 | E30: ='[7]data summary'!E39 -> 2002267.6 | G30: ='[8]data summary'!M29 -> 0 | H30: ='[8]data summary'!N29 -> Water | I30: ='[8]data summary'!O29 -> 13.775294 | J30: ='[8]data summary'!P29 -> 1.3230638 | K30: ='[8]data summary'!Q29 -> 0.6354975 | L30: ='[8]data summary'!R29 -> 0 | M30: ='[8]data summary'!S29 -> 1.4603787 | N30: ='[8]data summary'!T29 -> 0.14006828 | ... S30: ='[8]data summary'!Y29 -> 0.70884073
A31: ='[7]data summary'!A40 -> 0 | B31: ='[7]data summary'!B40 -> ITC | C31: ='[7]data summary'!C40 -> 5040214.7 | D31: ='[7]data summary'!D40 -> 0.50091453 | E31: ='[7]data summary'!E40 -> 47315732 | G31: ='[8]data summary'!M30 -> 0 | H31: ='[8]data summary'!N30 -> 0 | I31: ='[8]data summary'!O30 -> 21.676393 | J31: ='[8]data summary'!P30 -> 2.0815537 | K31: ='[8]data summary'!Q30 -> 0 | L31: ='[8]data summary'!R30 -> 0 | M31: ='[8]data summary'!S30 -> 1.8810038 | N31: ='[8]data summary'!T30 -> 0.18049047 | ... S31: ='[8]data summary'!Y30 -> 0
A32: ='[7]data summary'!A41 -> 0 | B32: ='[7]data summary'!B41 -> PBO | C32: ='[7]data summary'!C41 -> 2536605.9 | D32: ='[7]data summary'!D41 -> 0.13729921 | E32: ='[7]data summary'!E41 -> 17818194 | G32: ='[8]data summary'!M31 -> 0 | H32: ='[8]data summary'!N31 -> 0 | I32: ='[8]data summary'!O31 -> 0 | J32: ='[8]data summary'!P31 -> 0 | K32: ='[8]data summary'!Q31 -> 0 | L32: ='[8]data summary'!R31 -> 0 | M32: ='[8]data summary'!S31 -> 0 | N32: ='[8]data summary'!T31 -> 0 | ... S32: ='[8]data summary'!Y31 -> 0
A33: ='[7]data summary'!A42 -> 0 | B33: ='[7]data summary'!B42 -> 0 | C33: ='[7]data summary'!C42 -> 21676393 | D33: ='[7]data summary'!D42 -> 1.8810038 | E33: ='[7]data summary'!E42 -> 1.8915241e+08 | G33: ='[8]data summary'!M32 -> 2030 | H33: ='[8]data summary'!N32 -> Gas | I33: ='[8]data summary'!O32 -> 0.45881366 | J33: ='[8]data summary'!P32 -> 0.05142087 | K33: ='[8]data summary'!Q32 -> 0.0029110094 | L33: ='[8]data summary'!R32 -> 0 | M33: ='[8]data summary'!S32 -> 0.035670039 | N33: ='[8]data summary'!T32 -> 0.0039943419 | ... S33: ='[8]data summary'!Y32 -> 0.002537968
A34: ='[7]data summary'!A43 -> 0 | B34: ='[7]data summary'!B43 -> 0 | C34: ='[7]data summary'!C43 -> 0 | D34: ='[7]data summary'!D43 -> 0 | E34: ='[7]data summary'!E43 -> 0 | G34: ='[8]data summary'!M33 -> 0 | H34: ='[8]data summary'!N33 -> Solid | I34: ='[8]data summary'!O33 -> 0.59206575 | J34: ='[8]data summary'!P33 -> 0.06635985 | K34: ='[8]data summary'!Q33 -> 0.0037564464 | L34: ='[8]data summary'!R33 -> 0 | M34: ='[8]data summary'!S33 -> 0.046028072 | N34: ='[8]data summary'!T33 -> 0.0051546288 | ... S34: ='[8]data summary'!Y33 -> 0.0032750514
A35: ='[7]data summary'!A44 -> 2030 | B35: ='[7]data summary'!B44 -> PAG | C35: ='[7]data summary'!C44 -> 30041391 | D35: ='[7]data summary'!D44 -> 1.5670946 | E35: ='[7]data summary'!E44 -> 2.1299652e+08 | G35: ='[8]data summary'!M34 -> 0 | H35: ='[8]data summary'!N34 -> Solvent | I35: ='[8]data summary'!O34 -> 60.6944 | J35: ='[8]data summary'!P34 -> 6.7499898 | K35: ='[8]data summary'!Q34 -> 0.38508436 | L35: ='[8]data summary'!R34 -> 0 | M35: ='[8]data summary'!S34 -> 2.9771027 | N35: ='[8]data summary'!T34 -> 0.3372466 | ... S35: ='[8]data summary'!Y34 -> 0.3091239
A36: ='[7]data summary'!A45 -> 0 | B36: ='[7]data summary'!B45 -> Sur | C36: ='[7]data summary'!C45 -> 1213893.3 | D36: ='[7]data summary'!D45 -> 0.11942581 | E36: ='[7]data summary'!E45 -> 11770940 | G36: ='[8]data summary'!M35 -> 0 | H36: ='[8]data summary'!N35 -> Water | I36: ='[8]data summary'!O35 -> 95.867975 | J36: ='[8]data summary'!P35 -> 10.865669 | K36: ='[8]data summary'!Q35 -> 0.60824818 | L36: ='[8]data summary'!R35 -> 0 | M36: ='[8]data summary'!S35 -> 9.4910862 | N36: ='[8]data summary'!T35 -> 1.0597206 | ... S36: ='[8]data summary'!Y35 -> 0.68506308
A37: ='[7]data summary'!A46 -> 0 | B37: ='[7]data summary'!B46 -> TARC | C37: ='[7]data summary'!C46 -> 66211329 | D37: ='[7]data summary'!D46 -> 6.3542919 | E37: ='[7]data summary'!E46 -> 6.3310341e+08 | G37: ='[8]data summary'!M36 -> 0 | H37: ='[8]data summary'!N36 -> 0 | I37: ='[8]data summary'!O36 -> 157.61325 | J37: ='[8]data summary'!P36 -> 17.733439 | K37: ='[8]data summary'!Q36 -> 0 | L37: ='[8]data summary'!R36 -> 0 | M37: ='[8]data summary'!S36 -> 12.549887 | N37: ='[8]data summary'!T36 -> 1.4061162 | ... S37: ='[8]data summary'!Y36 -> 0
... A40: ='[7]data summary'!A49 -> 0 | B40: ='[7]data summary'!B49 -> PBO | C40: ='[7]data summary'!C49 -> 23004476 | D40: ='[7]data summary'!D49 -> 1.1576667 | E40: ='[7]data summary'!E49 -> 1.6101576e+08 | G40: ='[8]data summary'!M39 -> 2030 | H40: ='[8]data summary'!N39 -> 0 | I40: ='[8]data summary'!O39 -> 157.61325 | J40: ='[8]data summary'!P39 -> 17.733439 | K40: ='[8]data summary'!Q39 -> 0 | L40: ='[8]data summary'!R39 -> 0 | M40: ='[8]data summary'!S39 -> 12.549887 | N40: ='[8]data summary'!T39 -> 1.4061162 | ... S40: ='[8]data summary'!Y39 -> 0
A41: ='[7]data summary'!A50 -> 0 | B41: ='[7]data summary'!B50 -> 0 | C41: ='[7]data summary'!C50 -> 1.5761325e+08 | D41: ='[7]data summary'!D50 -> 12.549887 | E41: ='[7]data summary'!E50 -> 1.3620931e+09
A45: {=INDEX($A$6:$S$41, COLUMN(A1), ROW(A1))} -> yearly | B45: {=INDEX($A$6:$S$41, COLUMN(B1), ROW(B1))} -> 2025 | C45: {=INDEX($A$6:$S$41, COLUMN(C1), ROW(C1))} -> 0 | D45: {=INDEX($A$6:$S$41, COLUMN(D1), ROW(D1))} -> 0 | E45: {=INDEX($A$6:$S$41, COLUMN(E1), ROW(E1))} -> 0 | F45: {=INDEX($A$6:$S$41, COLUMN(F1), ROW(F1))} -> 0 | G45: {=INDEX($A$6:$S$41, COLUMN(G1), ROW(G1))} -> 0 | H45: {=INDEX($A$6:$S$41, COLUMN(H1), ROW(H1))} -> 0 | ... AJ45: {=INDEX($A$6:$S$41, COLUMN(AJ1), ROW(AJ1))} -> 0
A46: {=INDEX($A$6:$S$41, COLUMN(A2), ROW(A2))} -> 0 | B46: {=INDEX($A$6:$S$41, COLUMN(B2), ROW(B2))} -> PAG | C46: {=INDEX($A$6:$S$41, COLUMN(C2), ROW(C2))} -> Sur | D46: {=INDEX($A$6:$S$41, COLUMN(D2), ROW(D2))} -> TARC | E46: {=INDEX($A$6:$S$41, COLUMN(E2), ROW(E2))} -> Polymer | F46: {=INDEX($A$6:$S$41, COLUMN(F2), ROW(F2))} -> ITC | G46: {=INDEX($A$6:$S$41, COLUMN(G2), ROW(G2))} -> PBO | H46: {=INDEX($A$6:$S$41, COLUMN(H2), ROW(H2))} -> 0 | ... AJ46: {=INDEX($A$6:$S$41, COLUMN(AJ2), ROW(AJ2))} -> 0
A47: {=INDEX($A$6:$S$41, COLUMN(A3), ROW(A3))} -> CC | B47: {=INDEX($A$6:$S$41, COLUMN(B3), ROW(B3))} -> 4225983.1 | C47: {=INDEX($A$6:$S$41, COLUMN(C3), ROW(C3))} -> 206300.64 | D47: {=INDEX($A$6:$S$41, COLUMN(D3), ROW(D3))} -> 10854831 | E47: {=INDEX($A$6:$S$41, COLUMN(E3), ROW(E3))} -> 284880.4 | F47: {=INDEX($A$6:$S$41, COLUMN(F3), ROW(F3))} -> 5735174.8 | G47: {=INDEX($A$6:$S$41, COLUMN(G3), ROW(G3))} -> 2548908.9 | H47: {=INDEX($A$6:$S$41, COLUMN(H3), ROW(H3))} -> 23856079 | ... AJ47: {=INDEX($A$6:$S$41, COLUMN(AJ3), ROW(AJ3))} -> 1.5761325e+08
A48: {=INDEX($A$6:$S$41, COLUMN(A4), ROW(A4))} -> HTC | B48: {=INDEX($A$6:$S$41, COLUMN(B4), ROW(B4))} -> 0.24000977 | C48: {=INDEX($A$6:$S$41, COLUMN(C4), ROW(C4))} -> 0.022505514 | D48: {=INDEX($A$6:$S$41, COLUMN(D4), ROW(D4))} -> 1.159527 | E48: {=INDEX($A$6:$S$41, COLUMN(E4), ROW(E4))} -> 0.015936741 | F48: {=INDEX($A$6:$S$41, COLUMN(F4), ROW(F4))} -> 0.59324028 | G48: {=INDEX($A$6:$S$41, COLUMN(G4), ROW(G4))} -> 0.13863426 | H48: {=INDEX($A$6:$S$41, COLUMN(H4), ROW(H4))} -> 2.1698536 | ... AJ48: {=INDEX($A$6:$S$41, COLUMN(AJ4), ROW(AJ4))} -> 12.549887
A49: {=INDEX($A$6:$S$41, COLUMN(A5), ROW(A5))} -> CED | B49: {=INDEX($A$6:$S$41, COLUMN(B5), ROW(B5))} -> 30261196 | C49: {=INDEX($A$6:$S$41, COLUMN(C5), ROW(C5))} -> 2068804.4 | D49: {=INDEX($A$6:$S$41, COLUMN(D5), ROW(D5))} -> 1.0750802e+08 | E49: {=INDEX($A$6:$S$41, COLUMN(E5), ROW(E5))} -> 2026610.6 | F49: {=INDEX($A$6:$S$41, COLUMN(F5), ROW(F5))} -> 55752417 | G49: {=INDEX($A$6:$S$41, COLUMN(G5), ROW(G5))} -> 17948111 | H49: {=INDEX($A$6:$S$41, COLUMN(H5), ROW(H5))} -> 2.1556515e+08 | ... AJ49: {=INDEX($A$6:$S$41, COLUMN(AJ5), ROW(AJ5))} -> 1.3620931e+09
A50: {=INDEX($A$6:$S$41, COLUMN(A6), ROW(A6))} -> 0 | B50: {=INDEX($A$6:$S$41, COLUMN(B6), ROW(B6))} -> 0 | C50: {=INDEX($A$6:$S$41, COLUMN(C6), ROW(C6))} -> 0 | D50: {=INDEX($A$6:$S$41, COLUMN(D6), ROW(D6))} -> 0 | E50: {=INDEX($A$6:$S$41, COLUMN(E6), ROW(E6))} -> 0 | F50: {=INDEX($A$6:$S$41, COLUMN(F6), ROW(F6))} -> 0 | G50: {=INDEX($A$6:$S$41, COLUMN(G6), ROW(G6))} -> 0 | H50: {=INDEX($A$6:$S$41, COLUMN(H6), ROW(H6))} -> 0 | ... AJ50: {=INDEX($A$6:$S$41, COLUMN(AJ6), ROW(AJ6))} -> 0
A51: {=INDEX($A$6:$S$41, COLUMN(A7), ROW(A7))} -> 0 | B51: {=INDEX($A$6:$S$41, COLUMN(B7), ROW(B7))} -> 2025 | C51: {=INDEX($A$6:$S$41, COLUMN(C7), ROW(C7))} -> 0 | D51: {=INDEX($A$6:$S$41, COLUMN(D7), ROW(D7))} -> 0 | E51: {=INDEX($A$6:$S$41, COLUMN(E7), ROW(E7))} -> 0 | F51: {=INDEX($A$6:$S$41, COLUMN(F7), ROW(F7))} -> 0 | G51: {=INDEX($A$6:$S$41, COLUMN(G7), ROW(G7))} -> 0 | H51: {=INDEX($A$6:$S$41, COLUMN(H7), ROW(H7))} -> 2030 | ... AJ51: {=INDEX($A$6:$S$41, COLUMN(AJ7), ROW(AJ7))} -> 0
A52: {=INDEX($A$6:$S$41, COLUMN(A8), ROW(A8))} -> 0 | B52: {=INDEX($A$6:$S$41, COLUMN(B8), ROW(B8))} -> Gas | C52: {=INDEX($A$6:$S$41, COLUMN(C8), ROW(C8))} -> Solid | D52: {=INDEX($A$6:$S$41, COLUMN(D8), ROW(D8))} -> Solvent | E52: {=INDEX($A$6:$S$41, COLUMN(E8), ROW(E8))} -> Water | F52: {=INDEX($A$6:$S$41, COLUMN(F8), ROW(F8))} -> 0 | G52: {=INDEX($A$6:$S$41, COLUMN(G8), ROW(G8))} -> 0 | H52: {=INDEX($A$6:$S$41, COLUMN(H8), ROW(H8))} -> Gas | ... AJ52: {=INDEX($A$6:$S$41, COLUMN(AJ8), ROW(AJ8))} -> 0
A53: {=INDEX($A$6:$S$41, COLUMN(A9), ROW(A9))} -> CC | B53: {=INDEX($A$6:$S$41, COLUMN(B9), ROW(B9))} -> 0.065047028 | C53: {=INDEX($A$6:$S$41, COLUMN(C9), ROW(C9))} -> 0.077107402 | D53: {=INDEX($A$6:$S$41, COLUMN(D9), ROW(D9))} -> 7.7711305 | E53: {=INDEX($A$6:$S$41, COLUMN(E9), ROW(E9))} -> 15.942794 | F53: {=INDEX($A$6:$S$41, COLUMN(F9), ROW(F9))} -> 23.856079 | G53: {=INDEX($A$6:$S$41, COLUMN(G9), ROW(G9))} -> 0 | H53: {=INDEX($A$6:$S$41, COLUMN(H9), ROW(H9))} -> 0.45877705 | ... AJ53: {=INDEX($A$6:$S$41, COLUMN(AJ9), ROW(AJ9))} -> 0
A54: {=INDEX($A$6:$S$41, COLUMN(A10), ROW(A10))} -> CC | B54: {=INDEX($A$6:$S$41, COLUMN(B10), ROW(B10))} -> 0.0063929236 | C54: {=INDEX($A$6:$S$41, COLUMN(C10), ROW(C10))} -> 0.0075800997 | D54: {=INDEX($A$6:$S$41, COLUMN(D10), ROW(D10))} -> 0.76360161 | E54: {=INDEX($A$6:$S$41, COLUMN(E10), ROW(E10))} -> 1.5678221 | F54: {=INDEX($A$6:$S$41, COLUMN(F10), ROW(F10))} -> 2.3453968 | G54: {=INDEX($A$6:$S$41, COLUMN(G10), ROW(G10))} -> 0 | H54: {=INDEX($A$6:$S$41, COLUMN(H10), ROW(H10))} -> 0.051149155 | ... AJ54: {=INDEX($A$6:$S$41, COLUMN(AJ10), ROW(AJ10))} -> 0
A55: {=INDEX($A$6:$S$41, COLUMN(A11), ROW(A11))} -> 0 | B55: {=INDEX($A$6:$S$41, COLUMN(B11), ROW(B11))} -> 0.0027266437 | C55: {=INDEX($A$6:$S$41, COLUMN(C11), ROW(C11))} -> 0.0032321909 | D55: {=INDEX($A$6:$S$41, COLUMN(D11), ROW(D11))} -> 0.32575053 | E55: {=INDEX($A$6:$S$41, COLUMN(E11), ROW(E11))} -> 0.66829063 | F55: {=INDEX($A$6:$S$41, COLUMN(F11), ROW(F11))} -> 0 | G55: {=INDEX($A$6:$S$41, COLUMN(G11), ROW(G11))} -> 0 | H55: {=INDEX($A$6:$S$41, COLUMN(H11), ROW(H11))} -> 0.0026699188 | ... AJ55: {=INDEX($A$6:$S$41, COLUMN(AJ11), ROW(AJ11))} -> 0
A56: {=INDEX($A$6:$S$41, COLUMN(A12), ROW(A12))} -> 0 | B56: {=INDEX($A$6:$S$41, COLUMN(B12), ROW(B12))} -> 0 | C56: {=INDEX($A$6:$S$41, COLUMN(C12), ROW(C12))} -> 0 | D56: {=INDEX($A$6:$S$41, COLUMN(D12), ROW(D12))} -> 0 | E56: {=INDEX($A$6:$S$41, COLUMN(E12), ROW(E12))} -> 0 | F56: {=INDEX($A$6:$S$41, COLUMN(F12), ROW(F12))} -> 0 | G56: {=INDEX($A$6:$S$41, COLUMN(G12), ROW(G12))} -> 0 | H56: {=INDEX($A$6:$S$41, COLUMN(H12), ROW(H12))} -> 0 | ... AJ56: {=INDEX($A$6:$S$41, COLUMN(AJ12), ROW(AJ12))} -> 0
... A63: {=INDEX($A$6:$S$41, COLUMN(A19), ROW(A19))} -> 0 | B63: {=INDEX($A$6:$S$41, COLUMN(B19), ROW(B19))} -> 0.0022865746 | C63: {=INDEX($A$6:$S$41, COLUMN(C19), ROW(C19))} -> 0.0027105244 | D63: {=INDEX($A$6:$S$41, COLUMN(D19), ROW(D19))} -> 0.25088114 | E63: {=INDEX($A$6:$S$41, COLUMN(E19), ROW(E19))} -> 0.74412176 | F63: {=INDEX($A$6:$S$41, COLUMN(F19), ROW(F19))} -> 0 | G63: {=INDEX($A$6:$S$41, COLUMN(G19), ROW(G19))} -> 0 | H63: {=INDEX($A$6:$S$41, COLUMN(H19), ROW(H19))} -> 0.0022459707 | ... AJ63: {=INDEX($A$6:$S$41, COLUMN(AJ19), ROW(AJ19))} -> 0
A67: Final data for figure | B67: 2025 | J67: 2030
B68: PAG | C68: Sur | D68: TARC | E68: Polymer | F68: ITC | G68: PBO | H68: Total | I68: Error | J68: PAG | K68: Sur | L68: TARC | M68: Polymer | N68: ITC | O68: PBO | P68: Total | Q68: Error
A69: CC | B69: =(B47+V47)/2 -> 4205472.4 | C69: =(C47+W47)/2 -> 192430.31 | D69: =(D47+X47)/2 -> 10154093 | E69: =(E47+Y47)/2 -> 283788.62 | F69: =(F47+Z47)/2 -> 5387694.8 | G69: =(G47+AA47)/2 -> 2542757.4 | H69: =(H47+AB47)/2 -> 22766236 | I69: =H47-H69 -> 1089843.2 | J69: =(J47+AD47)/2 -> 30151935 | K69: =(K47+AE47)/2 -> 1302732.3 | L69: =(L47+AF47)/2 -> 70819581 | M69: =(M47+AG47)/2 -> 2036409.9 | N69: =(N47+AH47)/2 -> 37373776 | O69: =(O47+AI47)/2 -> 23038113 | P69: =(P47+AJ47)/2 -> 1.6472255e+08 | Q69: =P47-P69 -> 7109292.4
A70: HTC | B70: =(B48+V48)/2 -> 0.23752688 | C70: =(C48+W48)/2 -> 0.020661408 | D70: =(D48+X48)/2 -> 1.066388 | E70: =(E48+Y48)/2 -> 0.015808307 | F70: =(F48+Z48)/2 -> 0.54707741 | G70: =(G48+AA48)/2 -> 0.13796674 | H70: =(H48+AB48)/2 -> 2.0254287 | I70: =H48-H70 -> 0.14442489 | J70: =(J48+AD48)/2 -> 1.5809886 | K70: =(K48+AE48)/2 -> 0.13052384 | L70: =(L48+AF48)/2 -> 6.9299556 | M70: =(M48+AG48)/2 -> 0.10537904 | N70: =(N48+AH48)/2 -> 3.5293759 | O70: =(O48+AI48)/2 -> 1.16193 | P70: =(P48+AJ48)/2 -> 13.438153 | Q70: =P48-P70 -> 0.888266
A71: CED | B71: =(B49+V49)/2 -> 30027971 | C71: =(C49+W49)/2 -> 1900333.8 | D71: =(D49+X49)/2 -> 98998812 | E71: =(E49+Y49)/2 -> 2014439.1 | F71: =(F49+Z49)/2 -> 51534075 | G71: =(G49+AA49)/2 -> 17883152 | H71: =(H49+AB49)/2 -> 2.0235878e+08 | I71: =H49-H71 -> 13206372 | J71: =(J49+AD49)/2 -> 2.1437834e+08 | K71: =(K49+AE49)/2 -> 12876448 | L71: =(L49+AF49)/2 -> 6.9044945e+08 | M71: =(M49+AG49)/2 -> 14397224 | N71: =(N49+AH49)/2 -> 3.5703366e+08 | O71: =(O49+AI49)/2 -> 1.614389e+08 | P71: =(P49+AJ49)/2 -> 1.450574e+09 | Q71: =P49-P71 -> 88480968
A73: Share CC | B73: =(B55+V55)/2 -> 0.0028614051 | C73: =(C55+W55)/2 -> 0.0033919522 | D73: =(D55+X55)/2 -> 0.34185258 | E73: =(E55+Y55)/2 -> 0.65189407 | J73: =(H55+AB55)/2 -> 0.0027904641 | K73: =(I55+AC55)/2 -> 0.0036008958 | L73: =(J55+AD55)/2 -> 0.36913842 | M73: =(K55+AE55)/2 -> 0.62447022
A74: Share HTC | B74: =(B59+V59)/2 -> 0.0026357137 | C74: =(C59+W59)/2 -> 0.0031243728 | D74: =(D59+X59)/2 -> 0.2031234 | E74: =(E59+Y59)/2 -> 0.79111652 | J74: =(H59+AB59)/2 -> 0.0026659338 | K74: =(I59+AC59)/2 -> 0.0034400841 | L74: =(J59+AD59)/2 -> 0.22250513 | M74: =(K59+AE59)/2 -> 0.77138885
A75: Share CED | B75: =(B63+V63)/2 -> 0.0024441977 | C75: =(C63+W63)/2 -> 0.002897384 | D75: =(D63+X63)/2 -> 0.26817717 | E75: =(E63+Y63)/2 -> 0.72648125 | J75: =(H63+AB63)/2 -> 0.0023919693 | K75: =(I63+AC63)/2 -> 0.0030866551 | L75: =(J63+AD63)/2 -> 0.29134166 | M75: =(K63+AE63)/2 -> 0.70317972

Sheet 3-Source management
A5: 2.5
A6: ='[9]data summary'!A35 -> yearly | B6: ='[9]data summary'!B35 -> 0 | C6: ='[9]data summary'!C35 -> CC | D6: ='[9]data summary'!D35 -> HTC | E6: ='[9]data summary'!E35 -> CED | G6: ='[10]data summary'!M25 -> 0 | H6: ='[10]data summary'!N25 -> 0 | I6: ='[10]data summary'!O25 -> CC | J6: ='[10]data summary'!P25 -> CC | K6: ='[10]data summary'!Q25 -> 0 | L6: ='[10]data summary'!R25 -> 0 | M6: ='[10]data summary'!S25 -> HTC | N6: ='[10]data summary'!T25 -> HTC | ... S6: ='[10]data summary'!Y25 -> 0
A7: ='[9]data summary'!A36 -> 2025 | B7: ='[9]data summary'!B36 -> PAG | C7: ='[9]data summary'!C36 -> 4167207.4 | D7: ='[9]data summary'!D36 -> 0.2324533 | E7: ='[9]data summary'!E36 -> 29563812 | G7: ='[10]data summary'!M26 -> 2025 | H7: ='[10]data summary'!N26 -> Gas | I7: ='[10]data summary'!O26 -> 0.064991821 | J7: ='[10]data summary'!P26 -> 0.0064867852 | K7: ='[10]data summary'!Q26 -> 0.0031850603 | L7: ='[10]data summary'!R26 -> 0 | M7: ='[10]data summary'!S26 -> 0.005311225 | N7: ='[10]data summary'!T26 -> 0.00052998556 | ... S7: ='[10]data summary'!Y26 -> 0.0028364412
A8: ='[9]data summary'!A37 -> 0 | B8: ='[9]data summary'!B37 -> Sur | C8: ='[9]data summary'!C37 -> 162222.7 | D8: ='[9]data summary'!D37 -> 0.016637285 | E8: ='[9]data summary'!E37 -> 1532711.8 | G8: ='[10]data summary'!M27 -> 0 | H8: ='[10]data summary'!N27 -> Solid | I8: ='[10]data summary'!O27 -> 0.077041955 | J8: ='[10]data summary'!P27 -> 0.0076912795 | K8: ='[10]data summary'!Q27 -> 0.0037756023 | L8: ='[10]data summary'!R27 -> 0 | M8: ='[10]data summary'!S27 -> 0.0062958955 | N8: ='[10]data summary'!T27 -> 0.00062838702 | ... S8: ='[10]data summary'!Y27 -> 0.0033623406
A9: ='[9]data summary'!A38 -> 0 | B9: ='[9]data summary'!B38 -> TARC | C9: ='[9]data summary'!C38 -> 8628927.7 | D9: ='[9]data summary'!D38 -> 0.86320623 | E9: ='[9]data summary'!E38 -> 80437971 | G9: ='[10]data summary'!M28 -> 0 | H9: ='[10]data summary'!N28 -> Solvent | I9: ='[10]data summary'!O28 -> 7.7645345 | J9: ='[10]data summary'!P28 -> 0.77479606 | K9: ='[10]data summary'!Q28 -> 0.38051727 | L9: ='[10]data summary'!R28 -> 0 | M9: ='[10]data summary'!S28 -> 0.40931153 | N9: ='[10]data summary'!T28 -> 0.040890767 | ... S9: ='[10]data summary'!Y28 -> 0.31121204
A10: ='[9]data summary'!A39 -> 0 | B10: ='[9]data summary'!B39 -> Polymer | C10: ='[9]data summary'!C39 -> 281849.67 | D10: ='[9]data summary'!D39 -> 0.015551647 | E10: ='[9]data summary'!E39 -> 1990946.5 | G10: ='[10]data summary'!M29 -> 0 | H10: ='[10]data summary'!N29 -> Water | I10: ='[10]data summary'!O29 -> 12.498641 | J10: ='[10]data summary'!P29 -> 1.2480133 | K10: ='[10]data summary'!Q29 -> 0.61252207 | L10: ='[10]data summary'!R29 -> 0 | M10: ='[10]data summary'!S29 -> 1.2900295 | N10: ='[10]data summary'!T29 -> 0.1286559 | ... S10: ='[10]data summary'!Y29 -> 0.68258918
A11: ='[9]data summary'!A40 -> 0 | B11: ='[9]data summary'!B40 -> ITC | C11: ='[9]data summary'!C40 -> 4631765.2 | D11: ='[9]data summary'!D40 -> 0.44638268 | E11: ='[9]data summary'!E40 -> 42334753 | G11: ='[10]data summary'!M30 -> 0 | H11: ='[10]data summary'!N30 -> 0 | I11: ='[10]data summary'!O30 -> 20.405209 | J11: ='[10]data summary'!P30 -> 2.0369874 | K11: ='[10]data summary'!Q30 -> 0 | L11: ='[10]data summary'!R30 -> 0 | M11: ='[10]data summary'!S30 -> 1.7109481 | N11: ='[10]data summary'!T30 -> 0.17070504 | ... S11: ='[10]data summary'!Y30 -> 0
A12: ='[9]data summary'!A41 -> 0 | B12: ='[9]data summary'!B41 -> PBO | C12: ='[9]data summary'!C41 -> 2533236.6 | D12: ='[9]data summary'!D41 -> 0.13671697 | E12: ='[9]data summary'!E41 -> 17768459 | G12: ='[10]data summary'!M31 -> 0 | H12: ='[10]data summary'!N31 -> 0 | I12: ='[10]data summary'!O31 -> 0 | J12: ='[10]data summary'!P31 -> 0 | K12: ='[10]data summary'!Q31 -> 0 | L12: ='[10]data summary'!R31 -> 0 | M12: ='[10]data summary'!S31 -> 0 | N12: ='[10]data summary'!T31 -> 0 | ... S12: ='[10]data summary'!Y31 -> 0
A13: ='[9]data summary'!A42 -> 0 | B13: ='[9]data summary'!B42 -> 0 | C13: ='[9]data summary'!C42 -> 20405209 | D13: ='[9]data summary'!D42 -> 1.7109481 | E13: ='[9]data summary'!E42 -> 1.7362865e+08 | G13: ='[10]data summary'!M32 -> 2030 | H13: ='[10]data summary'!N32 -> Gas | I13: ='[10]data summary'!O32 -> 0.45995226 | J13: ='[10]data summary'!P32 -> 0.05146939 | K13: ='[10]data summary'!Q32 -> 0.0030777703 | L13: ='[10]data summary'!R32 -> 0 | M13: ='[10]data summary'!S32 -> 0.035758626 | N13: ='[10]data summary'!T32 -> 0.0039981389 | ... S13: ='[10]data summary'!Y32 -> 0.0027527019
A14: ='[9]data summary'!A43 -> 0 | B14: ='[9]data summary'!B43 -> 0 | C14: ='[9]data summary'!C43 -> 0 | D14: ='[9]data summary'!D43 -> 0 | E14: ='[9]data summary'!E43 -> 0 | G14: ='[10]data summary'!M33 -> 0 | H14: ='[10]data summary'!N33 -> Solid | I14: ='[10]data summary'!O33 -> 0.59353089 | J14: ='[10]data summary'!P33 -> 0.066420812 | K14: ='[10]data summary'!Q33 -> 0.0039716116 | L14: ='[10]data summary'!R33 -> 0 | M14: ='[10]data summary'!S33 -> 0.04614206 | N14: ='[10]data summary'!T33 -> 0.0051594013 | ... S14: ='[10]data summary'!Y33 -> 0.0035521241
A15: ='[9]data summary'!A44 -> 2030 | B15: ='[9]data summary'!B44 -> PAG | C15: ='[9]data summary'!C44 -> 29981495 | D15: ='[9]data summary'!D44 -> 1.5541954 | E15: ='[9]data summary'!E44 -> 2.1185236e+08 | G15: ='[10]data summary'!M34 -> 0 | H15: ='[10]data summary'!N34 -> Solvent | I15: ='[10]data summary'!O34 -> 60.844594 | J15: ='[10]data summary'!P34 -> 6.7561955 | K15: ='[10]data summary'!Q34 -> 0.40714156 | L15: ='[10]data summary'!R34 -> 0 | M15: ='[10]data summary'!S34 -> 2.9844777 | N15: ='[10]data summary'!T34 -> 0.33755926 | ... S15: ='[10]data summary'!Y34 -> 0.33527605
A16: ='[9]data summary'!A45 -> 0 | B16: ='[9]data summary'!B45 -> Sur | C16: ='[9]data summary'!C45 -> 1109968.3 | D16: ='[9]data summary'!D45 -> 0.10636497 | E16: ='[9]data summary'!E45 -> 10469586 | G16: ='[10]data summary'!M35 -> 0 | H16: ='[10]data summary'!N35 -> Water | I16: ='[10]data summary'!O35 -> 87.54526 | J16: ='[10]data summary'!P35 -> 9.8937046 | K16: ='[10]data summary'!Q35 -> 0.58580905 | L16: ='[10]data summary'!R35 -> 0 | M16: ='[10]data summary'!S35 -> 8.4453902 | N16: ='[10]data summary'!T35 -> 0.94167785 | ... S16: ='[10]data summary'!Y35 -> 0.65841912
A17: ='[9]data summary'!A46 -> 0 | B17: ='[9]data summary'!B46 -> TARC | C17: ='[9]data summary'!C46 -> 60828198 | D17: ='[9]data summary'!D46 -> 5.6771817 | E17: ='[9]data summary'!E46 -> 5.6565089e+08 | G17: ='[10]data summary'!M36 -> 0 | H17: ='[10]data summary'!N36 -> 0 | I17: ='[10]data summary'!O36 -> 149.44334 | J17: ='[10]data summary'!P36 -> 16.76779 | K17: ='[10]data summary'!Q36 -> 0 | L17: ='[10]data summary'!R36 -> 0 | M17: ='[10]data summary'!S36 -> 11.511769 | N17: ='[10]data summary'!T36 -> 1.2883946 | ... S17: ='[10]data summary'!Y36 -> 0
... A20: ='[9]data summary'!A49 -> 0 | B20: ='[9]data summary'!B49 -> PBO | C20: ='[9]data summary'!C49 -> 23019690 | D20: ='[9]data summary'!D49 -> 1.1553417 | E20: ='[9]data summary'!E49 -> 1.6089645e+08 | G20: ='[10]data summary'!M39 -> 2030 | H20: ='[10]data summary'!N39 -> 0 | I20: ='[10]data summary'!O39 -> 149.44334 | J20: ='[10]data summary'!P39 -> 16.76779 | K20: ='[10]data summary'!Q39 -> 0 | L20: ='[10]data summary'!R39 -> 0 | M20: ='[10]data summary'!S39 -> 11.511769 | N20: ='[10]data summary'!T39 -> 1.2883946 | ... S20: ='[10]data summary'!Y39 -> 0
A21: ='[9]data summary'!A50 -> 0 | B21: ='[9]data summary'!B50 -> 0 | C21: ='[9]data summary'!C50 -> 1.4944334e+08 | D21: ='[9]data summary'!D50 -> 11.511769 | E21: ='[9]data summary'!E50 -> 1.2589551e+09
A25: 3
A26: ='[11]data summary'!A35 -> yearly | B26: ='[11]data summary'!B35 -> 0 | C26: ='[11]data summary'!C35 -> CC | D26: ='[11]data summary'!D35 -> HTC | E26: ='[11]data summary'!E35 -> CED | G26: ='[12]data summary'!M25 -> 0 | H26: ='[12]data summary'!N25 -> 0 | I26: ='[12]data summary'!O25 -> CC | J26: ='[12]data summary'!P25 -> CC | K26: ='[12]data summary'!Q25 -> 0 | L26: ='[12]data summary'!R25 -> 0 | M26: ='[12]data summary'!S25 -> HTC | N26: ='[12]data summary'!T25 -> HTC | ... S26: ='[12]data summary'!Y25 -> 0
A27: ='[11]data summary'!A36 -> 2025 | B27: ='[11]data summary'!B36 -> PAG | C27: ='[11]data summary'!C36 -> 4158056.8 | D27: ='[11]data summary'!D36 -> 0.23087281 | E27: ='[11]data summary'!E36 -> 29428772 | G27: ='[12]data summary'!M26 -> 2025 | H27: ='[12]data summary'!N26 -> Gas | I27: ='[12]data summary'!O26 -> 0.065064512 | J27: ='[12]data summary'!P26 -> 0.0064989236 | K27: ='[12]data summary'!Q26 -> 0.0033248062 | L27: ='[12]data summary'!R26 -> 0 | M27: ='[12]data summary'!S26 -> 0.0053171609 | N27: ='[12]data summary'!T26 -> 0.00053098222 | ... S27: ='[12]data summary'!Y26 -> 0.0030178738
A28: ='[11]data summary'!A37 -> 0 | B28: ='[11]data summary'!B37 -> Sur | C28: ='[11]data summary'!C37 -> 151416.07 | D28: ='[11]data summary'!D37 -> 0.015191951 | E28: ='[11]data summary'!E37 -> 1400691.6 | G28: ='[12]data summary'!M27 -> 0 | H28: ='[12]data summary'!N27 -> Solid | I28: ='[12]data summary'!O27 -> 0.077128252 | J28: ='[12]data summary'!P27 -> 0.0077055424 | K28: ='[12]data summary'!Q27 -> 0.0039412651 | L28: ='[12]data summary'!R27 -> 0 | M28: ='[12]data summary'!S27 -> 0.0063029423 | N28: ='[12]data summary'!T27 -> 0.00062955825 | ... S28: ='[12]data summary'!Y27 -> 0.0035774182
A29: ='[11]data summary'!A38 -> 0 | B29: ='[11]data summary'!B38 -> TARC | C29: ='[11]data summary'!C38 -> 8083754.6 | D29: ='[11]data summary'!D38 -> 0.79025095 | E29: ='[11]data summary'!E38 -> 73775402 | G29: ='[12]data summary'!M28 -> 0 | H29: ='[12]data summary'!N28 -> Solvent | I29: ='[12]data summary'!O28 -> 7.7732392 | J29: ='[12]data summary'!P28 -> 0.77622625 | K29: ='[12]data summary'!Q28 -> 0.39721367 | L29: ='[12]data summary'!R28 -> 0 | M29: ='[12]data summary'!S28 -> 0.4097699 | N29: ='[12]data summary'!T28 -> 0.040966672 | ... S29: ='[12]data summary'!Y28 -> 0.33111956
A30: ='[11]data summary'!A39 -> 0 | B30: ='[11]data summary'!B39 -> Polymer | C30: ='[11]data summary'!C39 -> 281466.98 | D30: ='[11]data summary'!D39 -> 0.01547603 | E30: ='[11]data summary'!E39 -> 1984678.3 | G30: ='[12]data summary'!M29 -> 0 | H30: ='[12]data summary'!N29 -> Water | I30: ='[12]data summary'!O29 -> 11.653983 | J30: ='[12]data summary'!P29 -> 1.1644954 | K30: ='[12]data summary'!Q29 -> 0.59552026 | L30: ='[12]data summary'!R29 -> 0 | M30: ='[12]data summary'!S29 -> 1.177075 | N30: ='[12]data summary'!T29 -> 0.11748606 | ... S30: ='[12]data summary'!Y29 -> 0.66228515
A31: ='[11]data summary'!A40 -> 0 | B31: ='[11]data summary'!B40 -> ITC | C31: ='[11]data summary'!C40 -> 4362012.2 | D31: ='[11]data summary'!D40 -> 0.41025289 | E31: ='[11]data summary'!E40 -> 39035857 | G31: ='[12]data summary'!M30 -> 0 | H31: ='[12]data summary'!N30 -> 0 | I31: ='[12]data summary'!O30 -> 19.569415 | J31: ='[12]data summary'!P30 -> 1.9549261 | K31: ='[12]data summary'!Q30 -> 0 | L31: ='[12]data summary'!R30 -> 0 | M31: ='[12]data summary'!S30 -> 1.598465 | N31: ='[12]data summary'!T30 -> 0.15961327 | ... S31: ='[12]data summary'!Y30 -> 0
A32: ='[11]data summary'!A41 -> 0 | B32: ='[11]data summary'!B41 -> PBO | C32: ='[11]data summary'!C41 -> 2532708.3 | D32: ='[11]data summary'!D41 -> 0.13642035 | E32: ='[11]data summary'!E41 -> 17747318 | G32: ='[12]data summary'!M31 -> 0 | H32: ='[12]data summary'!N31 -> 0 | I32: ='[12]data summary'!O31 -> 0 | J32: ='[12]data summary'!P31 -> 0 | K32: ='[12]data summary'!Q31 -> 0 | L32: ='[12]data summary'!R31 -> 0 | M32: ='[12]data summary'!S31 -> 0 | N32: ='[12]data summary'!T31 -> 0 | ... S32: ='[12]data summary'!Y31 -> 0
A33: ='[11]data summary'!A42 -> 0 | B33: ='[11]data summary'!B42 -> 0 | C33: ='[11]data summary'!C42 -> 19569415 | D33: ='[11]data summary'!D42 -> 1.598465 | E33: ='[11]data summary'!E42 -> 1.6337272e+08 | G33: ='[12]data summary'!M32 -> 2030 | H33: ='[12]data summary'!N32 -> Gas | I33: ='[12]data summary'!O32 -> 0.45935378 | J33: ='[12]data summary'!P32 -> 0.051550412 | K33: ='[12]data summary'!Q32 -> 0.0031998908 | L33: ='[12]data summary'!R32 -> 0 | M33: ='[12]data summary'!S32 -> 0.035711687 | N33: ='[12]data summary'!T32 -> 0.0040048202 | ... S33: ='[12]data summary'!Y32 -> 0.002917174
A34: ='[11]data summary'!A43 -> 0 | B34: ='[11]data summary'!B43 -> 0 | C34: ='[11]data summary'!C43 -> 0 | D34: ='[11]data summary'!D43 -> 0 | E34: ='[11]data summary'!E43 -> 0 | G34: ='[12]data summary'!M33 -> 0 | H34: ='[12]data summary'!N33 -> Solid | I34: ='[12]data summary'!O33 -> 0.59278313 | J34: ='[12]data summary'!P33 -> 0.066502102 | K34: ='[12]data summary'!Q33 -> 0.0041293691 | L34: ='[12]data summary'!R33 -> 0 | M34: ='[12]data summary'!S33 -> 0.046083395 | N34: ='[12]data summary'!T33 -> 0.0051662134 | ... S34: ='[12]data summary'!Y33 -> 0.003764517
A35: ='[11]data summary'!A44 -> 2030 | B35: ='[11]data summary'!B44 -> PAG | C35: ='[11]data summary'!C44 -> 29853091 | D35: ='[11]data summary'!D44 -> 1.5409733 | E35: ='[11]data summary'!E44 -> 2.1046367e+08 | G35: ='[12]data summary'!M34 -> 0 | H35: ='[12]data summary'!N34 -> Solvent | I35: ='[12]data summary'!O34 -> 60.767963 | J35: ='[12]data summary'!P34 -> 6.7645377 | K35: ='[12]data summary'!Q34 -> 0.42331392 | L35: ='[12]data summary'!R34 -> 0 | M35: ='[12]data summary'!S34 -> 2.9806696 | N35: ='[12]data summary'!T34 -> 0.33801105 | ... S35: ='[12]data summary'!Y34 -> 0.35532363
A36: ='[11]data summary'!A45 -> 0 | B36: ='[11]data summary'!B45 -> Sur | C36: ='[11]data summary'!C45 -> 1037317 | D36: ='[11]data summary'!D45 -> 0.097330777 | E36: ='[11]data summary'!E45 -> 9569991.6 | G36: ='[12]data summary'!M35 -> 0 | H36: ='[12]data summary'!N35 -> Water | I36: ='[12]data summary'!O35 -> 81.732853 | J36: ='[12]data summary'!P35 -> 9.2523399 | K36: ='[12]data summary'!Q35 -> 0.56935682 | L36: ='[12]data summary'!R35 -> 0 | M36: ='[12]data summary'!S35 -> 7.7224653 | N36: ='[12]data summary'!T35 -> 0.86371532 | ... S36: ='[12]data summary'!Y35 -> 0.63799467
A37: ='[11]data summary'!A46 -> 0 | B37: ='[11]data summary'!B46 -> TARC | C37: ='[11]data summary'!C46 -> 57057153 | D37: ='[11]data summary'!D46 -> 5.2085247 | E37: ='[11]data summary'!E46 -> 5.1897307e+08 | G37: ='[12]data summary'!M36 -> 0 | H37: ='[12]data summary'!N36 -> 0 | I37: ='[12]data summary'!O36 -> 143.55295 | J37: ='[12]data summary'!P36 -> 16.13493 | K37: ='[12]data summary'!Q36 -> 0 | L37: ='[12]data summary'!R36 -> 0 | M37: ='[12]data summary'!S36 -> 10.78493 | N37: ='[12]data summary'!T36 -> 1.2108974 | ... S37: ='[12]data summary'!Y36 -> 0
... A40: ='[11]data summary'!A49 -> 0 | B40: ='[11]data summary'!B49 -> PBO | C40: ='[11]data summary'!C49 -> 22964434 | D40: ='[11]data summary'!D49 -> 1.1504855 | E40: ='[11]data summary'!E49 -> 1.6035947e+08 | G40: ='[12]data summary'!M39 -> 2030 | H40: ='[12]data summary'!N39 -> 0 | I40: ='[12]data summary'!O39 -> 143.55295 | J40: ='[12]data summary'!P39 -> 16.13493 | K40: ='[12]data summary'!Q39 -> 0 | L40: ='[12]data summary'!R39 -> 0 | M40: ='[12]data summary'!S39 -> 10.78493 | N40: ='[12]data summary'!T39 -> 1.2108974 | ... S40: ='[12]data summary'!Y39 -> 0
A41: ='[11]data summary'!A50 -> 0 | B41: ='[11]data summary'!B50 -> 0 | C41: ='[11]data summary'!C50 -> 1.4355295e+08 | D41: ='[11]data summary'!D50 -> 10.78493 | E41: ='[11]data summary'!E50 -> 1.1864271e+09
A45: {=INDEX($A$6:$S$41, COLUMN(A1), ROW(A1))} -> yearly | B45: {=INDEX($A$6:$S$41, COLUMN(B1), ROW(B1))} -> 2025 | C45: {=INDEX($A$6:$S$41, COLUMN(C1), ROW(C1))} -> 0 | D45: {=INDEX($A$6:$S$41, COLUMN(D1), ROW(D1))} -> 0 | E45: {=INDEX($A$6:$S$41, COLUMN(E1), ROW(E1))} -> 0 | F45: {=INDEX($A$6:$S$41, COLUMN(F1), ROW(F1))} -> 0 | G45: {=INDEX($A$6:$S$41, COLUMN(G1), ROW(G1))} -> 0 | H45: {=INDEX($A$6:$S$41, COLUMN(H1), ROW(H1))} -> 0 | ... AJ45: {=INDEX($A$6:$S$41, COLUMN(AJ1), ROW(AJ1))} -> 0
A46: {=INDEX($A$6:$S$41, COLUMN(A2), ROW(A2))} -> 0 | B46: {=INDEX($A$6:$S$41, COLUMN(B2), ROW(B2))} -> PAG | C46: {=INDEX($A$6:$S$41, COLUMN(C2), ROW(C2))} -> Sur | D46: {=INDEX($A$6:$S$41, COLUMN(D2), ROW(D2))} -> TARC | E46: {=INDEX($A$6:$S$41, COLUMN(E2), ROW(E2))} -> Polymer | F46: {=INDEX($A$6:$S$41, COLUMN(F2), ROW(F2))} -> ITC | G46: {=INDEX($A$6:$S$41, COLUMN(G2), ROW(G2))} -> PBO | H46: {=INDEX($A$6:$S$41, COLUMN(H2), ROW(H2))} -> 0 | ... AJ46: {=INDEX($A$6:$S$41, COLUMN(AJ2), ROW(AJ2))} -> 0
A47: {=INDEX($A$6:$S$41, COLUMN(A3), ROW(A3))} -> CC | B47: {=INDEX($A$6:$S$41, COLUMN(B3), ROW(B3))} -> 4167207.4 | C47: {=INDEX($A$6:$S$41, COLUMN(C3), ROW(C3))} -> 162222.7 | D47: {=INDEX($A$6:$S$41, COLUMN(D3), ROW(D3))} -> 8628927.7 | E47: {=INDEX($A$6:$S$41, COLUMN(E3), ROW(E3))} -> 281849.67 | F47: {=INDEX($A$6:$S$41, COLUMN(F3), ROW(F3))} -> 4631765.2 | G47: {=INDEX($A$6:$S$41, COLUMN(G3), ROW(G3))} -> 2533236.6 | H47: {=INDEX($A$6:$S$41, COLUMN(H3), ROW(H3))} -> 20405209 | ... AJ47: {=INDEX($A$6:$S$41, COLUMN(AJ3), ROW(AJ3))} -> 1.4355295e+08
A48: {=INDEX($A$6:$S$41, COLUMN(A4), ROW(A4))} -> HTC | B48: {=INDEX($A$6:$S$41, COLUMN(B4), ROW(B4))} -> 0.2324533 | C48: {=INDEX($A$6:$S$41, COLUMN(C4), ROW(C4))} -> 0.016637285 | D48: {=INDEX($A$6:$S$41, COLUMN(D4), ROW(D4))} -> 0.86320623 | E48: {=INDEX($A$6:$S$41, COLUMN(E4), ROW(E4))} -> 0.015551647 | F48: {=INDEX($A$6:$S$41, COLUMN(F4), ROW(F4))} -> 0.44638268 | G48: {=INDEX($A$6:$S$41, COLUMN(G4), ROW(G4))} -> 0.13671697 | H48: {=INDEX($A$6:$S$41, COLUMN(H4), ROW(H4))} -> 1.7109481 | ... AJ48: {=INDEX($A$6:$S$41, COLUMN(AJ4), ROW(AJ4))} -> 10.78493
A49: {=INDEX($A$6:$S$41, COLUMN(A5), ROW(A5))} -> CED | B49: {=INDEX($A$6:$S$41, COLUMN(B5), ROW(B5))} -> 29563812 | C49: {=INDEX($A$6:$S$41, COLUMN(C5), ROW(C5))} -> 1532711.8 | D49: {=INDEX($A$6:$S$41, COLUMN(D5), ROW(D5))} -> 80437971 | E49: {=INDEX($A$6:$S$41, COLUMN(E5), ROW(E5))} -> 1990946.5 | F49: {=INDEX($A$6:$S$41, COLUMN(F5), ROW(F5))} -> 42334753 | G49: {=INDEX($A$6:$S$41, COLUMN(G5), ROW(G5))} -> 17768459 | H49: {=INDEX($A$6:$S$41, COLUMN(H5), ROW(H5))} -> 1.7362865e+08 | ... AJ49: {=INDEX($A$6:$S$41, COLUMN(AJ5), ROW(AJ5))} -> 1.1864271e+09
A50: {=INDEX($A$6:$S$41, COLUMN(A6), ROW(A6))} -> 0 | B50: {=INDEX($A$6:$S$41, COLUMN(B6), ROW(B6))} -> 0 | C50: {=INDEX($A$6:$S$41, COLUMN(C6), ROW(C6))} -> 0 | D50: {=INDEX($A$6:$S$41, COLUMN(D6), ROW(D6))} -> 0 | E50: {=INDEX($A$6:$S$41, COLUMN(E6), ROW(E6))} -> 0 | F50: {=INDEX($A$6:$S$41, COLUMN(F6), ROW(F6))} -> 0 | G50: {=INDEX($A$6:$S$41, COLUMN(G6), ROW(G6))} -> 0 | H50: {=INDEX($A$6:$S$41, COLUMN(H6), ROW(H6))} -> 0 | ... AJ50: {=INDEX($A$6:$S$41, COLUMN(AJ6), ROW(AJ6))} -> 0
A51: {=INDEX($A$6:$S$41, COLUMN(A7), ROW(A7))} -> 0 | B51: {=INDEX($A$6:$S$41, COLUMN(B7), ROW(B7))} -> 2025 | C51: {=INDEX($A$6:$S$41, COLUMN(C7), ROW(C7))} -> 0 | D51: {=INDEX($A$6:$S$41, COLUMN(D7), ROW(D7))} -> 0 | E51: {=INDEX($A$6:$S$41, COLUMN(E7), ROW(E7))} -> 0 | F51: {=INDEX($A$6:$S$41, COLUMN(F7), ROW(F7))} -> 0 | G51: {=INDEX($A$6:$S$41, COLUMN(G7), ROW(G7))} -> 0 | H51: {=INDEX($A$6:$S$41, COLUMN(H7), ROW(H7))} -> 2030 | ... AJ51: {=INDEX($A$6:$S$41, COLUMN(AJ7), ROW(AJ7))} -> 0
A52: {=INDEX($A$6:$S$41, COLUMN(A8), ROW(A8))} -> 0 | B52: {=INDEX($A$6:$S$41, COLUMN(B8), ROW(B8))} -> Gas | C52: {=INDEX($A$6:$S$41, COLUMN(C8), ROW(C8))} -> Solid | D52: {=INDEX($A$6:$S$41, COLUMN(D8), ROW(D8))} -> Solvent | E52: {=INDEX($A$6:$S$41, COLUMN(E8), ROW(E8))} -> Water | F52: {=INDEX($A$6:$S$41, COLUMN(F8), ROW(F8))} -> 0 | G52: {=INDEX($A$6:$S$41, COLUMN(G8), ROW(G8))} -> 0 | H52: {=INDEX($A$6:$S$41, COLUMN(H8), ROW(H8))} -> Gas | ... AJ52: {=INDEX($A$6:$S$41, COLUMN(AJ8), ROW(AJ8))} -> 0
A53: {=INDEX($A$6:$S$41, COLUMN(A9), ROW(A9))} -> CC | B53: {=INDEX($A$6:$S$41, COLUMN(B9), ROW(B9))} -> 0.064991821 | C53: {=INDEX($A$6:$S$41, COLUMN(C9), ROW(C9))} -> 0.077041955 | D53: {=INDEX($A$6:$S$41, COLUMN(D9), ROW(D9))} -> 7.7645345 | E53: {=INDEX($A$6:$S$41, COLUMN(E9), ROW(E9))} -> 12.498641 | F53: {=INDEX($A$6:$S$41, COLUMN(F9), ROW(F9))} -> 20.405209 | G53: {=INDEX($A$6:$S$41, COLUMN(G9), ROW(G9))} -> 0 | H53: {=INDEX($A$6:$S$41, COLUMN(H9), ROW(H9))} -> 0.45995226 | ... AJ53: {=INDEX($A$6:$S$41, COLUMN(AJ9), ROW(AJ9))} -> 0
A54: {=INDEX($A$6:$S$41, COLUMN(A10), ROW(A10))} -> CC | B54: {=INDEX($A$6:$S$41, COLUMN(B10), ROW(B10))} -> 0.0064867852 | C54: {=INDEX($A$6:$S$41, COLUMN(C10), ROW(C10))} -> 0.0076912795 | D54: {=INDEX($A$6:$S$41, COLUMN(D10), ROW(D10))} -> 0.77479606 | E54: {=INDEX($A$6:$S$41, COLUMN(E10), ROW(E10))} -> 1.2480133 | F54: {=INDEX($A$6:$S$41, COLUMN(F10), ROW(F10))} -> 2.0369874 | G54: {=INDEX($A$6:$S$41, COLUMN(G10), ROW(G10))} -> 0 | H54: {=INDEX($A$6:$S$41, COLUMN(H10), ROW(H10))} -> 0.05146939 | ... AJ54: {=INDEX($A$6:$S$41, COLUMN(AJ10), ROW(AJ10))} -> 0
A55: {=INDEX($A$6:$S$41, COLUMN(A11), ROW(A11))} -> 0 | B55: {=INDEX($A$6:$S$41, COLUMN(B11), ROW(B11))} -> 0.0031850603 | C55: {=INDEX($A$6:$S$41, COLUMN(C11), ROW(C11))} -> 0.0037756023 | D55: {=INDEX($A$6:$S$41, COLUMN(D11), ROW(D11))} -> 0.38051727 | E55: {=INDEX($A$6:$S$41, COLUMN(E11), ROW(E11))} -> 0.61252207 | F55: {=INDEX($A$6:$S$41, COLUMN(F11), ROW(F11))} -> 0 | G55: {=INDEX($A$6:$S$41, COLUMN(G11), ROW(G11))} -> 0 | H55: {=INDEX($A$6:$S$41, COLUMN(H11), ROW(H11))} -> 0.0030777703 | ... AJ55: {=INDEX($A$6:$S$41, COLUMN(AJ11), ROW(AJ11))} -> 0
A56: {=INDEX($A$6:$S$41, COLUMN(A12), ROW(A12))} -> 0 | B56: {=INDEX($A$6:$S$41, COLUMN(B12), ROW(B12))} -> 0 | C56: {=INDEX($A$6:$S$41, COLUMN(C12), ROW(C12))} -> 0 | D56: {=INDEX($A$6:$S$41, COLUMN(D12), ROW(D12))} -> 0 | E56: {=INDEX($A$6:$S$41, COLUMN(E12), ROW(E12))} -> 0 | F56: {=INDEX($A$6:$S$41, COLUMN(F12), ROW(F12))} -> 0 | G56: {=INDEX($A$6:$S$41, COLUMN(G12), ROW(G12))} -> 0 | H56: {=INDEX($A$6:$S$41, COLUMN(H12), ROW(H12))} -> 0 | ... AJ56: {=INDEX($A$6:$S$41, COLUMN(AJ12), ROW(AJ12))} -> 0
... A63: {=INDEX($A$6:$S$41, COLUMN(A19), ROW(A19))} -> 0 | B63: {=INDEX($A$6:$S$41, COLUMN(B19), ROW(B19))} -> 0.0028364412 | C63: {=INDEX($A$6:$S$41, COLUMN(C19), ROW(C19))} -> 0.0033623406 | D63: {=INDEX($A$6:$S$41, COLUMN(D19), ROW(D19))} -> 0.31121204 | E63: {=INDEX($A$6:$S$41, COLUMN(E19), ROW(E19))} -> 0.68258918 | F63: {=INDEX($A$6:$S$41, COLUMN(F19), ROW(F19))} -> 0 | G63: {=INDEX($A$6:$S$41, COLUMN(G19), ROW(G19))} -> 0 | H63: {=INDEX($A$6:$S$41, COLUMN(H19), ROW(H19))} -> 0.0027527019 | ... AJ63: {=INDEX($A$6:$S$41, COLUMN(AJ19), ROW(AJ19))} -> 0
A67: Final data for figure | B67: 2025 | J67: 2030
B68: PAG | C68: Sur | D68: TARC | E68: Polymer | F68: ITC | G68: PBO | H68: Total | I68: Error | J68: PAG | K68: Sur | L68: TARC | M68: Polymer | N68: ITC | O68: PBO | P68: Total | Q68: Error
A69: CC | B69: =(B47+V47)/2 -> 4162632.1 | C69: =(C47+W47)/2 -> 156819.38 | D69: =(D47+X47)/2 -> 8356341.2 | E69: =(E47+Y47)/2 -> 281658.32 | F69: =(F47+Z47)/2 -> 4496888.7 | G69: =(G47+AA47)/2 -> 2532972.5 | H69: =(H47+AB47)/2 -> 19987312 | I69: =H47-H69 -> 417897.13 | J69: =(J47+AD47)/2 -> 29917293 | K69: =(K47+AE47)/2 -> 1073642.6 | L69: =(L47+AF47)/2 -> 58942676 | M69: =(M47+AG47)/2 -> 2025511.5 | N69: =(N47+AH47)/2 -> 31546960 | O69: =(O47+AI47)/2 -> 22992062 | P69: =(P47+AJ47)/2 -> 1.4649814e+08 | Q69: =P47-P69 -> 2945191.9
A70: HTC | B70: =(B48+V48)/2 -> 0.23166305 | C70: =(C48+W48)/2 -> 0.015914618 | D70: =(D48+X48)/2 -> 0.82672859 | E70: =(E48+Y48)/2 -> 0.015513838 | F70: =(F48+Z48)/2 -> 0.42831779 | G70: =(G48+AA48)/2 -> 0.13656866 | H70: =(H48+AB48)/2 -> 1.6547065 | I70: =H48-H70 -> 0.05624156 | J70: =(J48+AD48)/2 -> 1.5475843 | K70: =(K48+AE48)/2 -> 0.10184787 | L70: =(L48+AF48)/2 -> 5.4428532 | M70: =(M48+AG48)/2 -> 0.10373852 | N70: =(N48+AH48)/2 -> 2.7994117 | O70: =(O48+AI48)/2 -> 1.1529136 | P70: =(P48+AJ48)/2 -> 11.148349 | Q70: =P48-P70 -> 0.36341932
A71: CED | B71: =(B49+V49)/2 -> 29496292 | C71: =(C49+W49)/2 -> 1466701.7 | D71: =(D49+X49)/2 -> 77106687 | E71: =(E49+Y49)/2 -> 1987812.4 | F71: =(F49+Z49)/2 -> 40685305 | G71: =(G49+AA49)/2 -> 17757889 | H71: =(H49+AB49)/2 -> 1.6850069e+08 | I71: =H49-H71 -> 5127967.9 | J71: =(J49+AD49)/2 -> 2.1115802e+08 | K71: =(K49+AE49)/2 -> 10019789 | L71: =(L49+AF49)/2 -> 5.4231198e+08 | M71: =(M49+AG49)/2 -> 14241153 | N71: =(N49+AH49)/2 -> 2.8433222e+08 | O71: =(O49+AI49)/2 -> 1.6062796e+08 | P71: =(P49+AJ49)/2 -> 1.2226911e+09 | Q71: =P49-P71 -> 36263998
A73: Share CC | B73: =(B55+V55)/2 -> 0.0032549332 | C73: =(C55+W55)/2 -> 0.0038584337 | D73: =(D55+X55)/2 -> 0.38886547 | E73: =(E55+Y55)/2 -> 0.60402116 | J73: =(H55+AB55)/2 -> 0.0031388306 | K73: =(I55+AC55)/2 -> 0.0040504904 | L73: =(J55+AD55)/2 -> 0.41522774 | M73: =(K55+AE55)/2 -> 0.57758294
A74: Share HTC | B74: =(B59+V59)/2 -> 0.0032153376 | C74: =(C59+W59)/2 -> 0.0038114459 | D74: =(D59+X59)/2 -> 0.24779148 | E74: =(E59+Y59)/2 -> 0.74518174 | J74: =(H59+AB59)/2 -> 0.0032087626 | K74: =(I59+AC59)/2 -> 0.0041405973 | L74: =(J59+AD59)/2 -> 0.26781403 | M74: =(K59+AE59)/2 -> 0.72483661
A75: Share CED | B75: =(B63+V63)/2 -> 0.0029271575 | C75: =(C63+W63)/2 -> 0.0034698794 | D75: =(D63+X63)/2 -> 0.3211658 | E75: =(E63+Y63)/2 -> 0.67243716 | J75: =(H63+AB63)/2 -> 0.002834938 | K75: =(I63+AC63)/2 -> 0.0036583206 | L75: =(J63+AD63)/2 -> 0.34529984 | M75: =(K63+AE63)/2 -> 0.6482069

Sheet 4-Cascade
A4: Impact factor | G4: Usage amount
A5: 4.5 years
A6: ='[13]data summary'!A35 -> yearly | B6: ='[13]data summary'!B35 -> 0 | C6: ='[13]data summary'!C35 -> CC | D6: ='[13]data summary'!D35 -> HTC | E6: ='[13]data summary'!E35 -> CED | G6: Yearly usage amout, ton | I6: ='[14]data summary'!M25 -> 0 | J6: ='[14]data summary'!N25 -> 0 | K6: ='[14]data summary'!O25 -> CC | L6: ='[14]data summary'!P25 -> CC | M6: ='[14]data summary'!Q25 -> 0 | N6: ='[14]data summary'!R25 -> 0 | O6: ='[14]data summary'!S25 -> HTC | P6: ='[14]data summary'!T25 -> HTC | ... U6: ='[14]data summary'!Y25 -> 0
A7: ='[13]data summary'!A36 -> 2025 | B7: ='[13]data summary'!B36 -> PAG | C7: ='[13]data summary'!C36 -> 4100113.8 | D7: ='[13]data summary'!D36 -> 0.23711406 | E7: ='[13]data summary'!E36 -> 29637899 | G7: =SUM([15]Usage!B$22:B$25) -> 760.15422 | I7: ='[14]data summary'!M26 -> 2025 | J7: ='[14]data summary'!N26 -> Gas | K7: ='[14]data summary'!O26 -> 0.062218587 | L7: ='[14]data summary'!P26 -> 0.0064235509 | M7: ='[14]data summary'!Q26 -> 0.0023671038 | N7: ='[14]data summary'!R26 -> 0 | O7: ='[14]data summary'!S26 -> 0.0050847203 | P7: ='[14]data summary'!T26 -> 0.0005248346 | ... U7: ='[14]data summary'!Y26 -> 0.0018989343 | V7: Gas | W7: =SUM([16]Manu_gas!$B$22:$M$25) -> 13.1562 | X7: =W7/SUM($W$7:$W$10) -> 0.0042064199
A8: ='[13]data summary'!A37 -> 0 | B8: ='[13]data summary'!B37 -> Sur | C8: ='[13]data summary'!C37 -> 241809.4 | D8: ='[13]data summary'!D37 -> 0.027435518 | E8: ='[13]data summary'!E37 -> 2518775.3 | G8: =SUM([15]Usage!C$22:C$25) -> 17.897935 | I8: ='[14]data summary'!M27 -> 0 | J8: ='[14]data summary'!N27 -> Solid | K8: ='[14]data summary'!O27 -> 0.073750853 | L8: ='[14]data summary'!P27 -> 0.0076158763 | M8: ='[14]data summary'!Q27 -> 0.0028058484 | N8: ='[14]data summary'!R27 -> 0 | O8: ='[14]data summary'!S27 -> 0.0060270972 | P8: ='[14]data summary'!T27 -> 0.00062224484 | ... U8: ='[14]data summary'!Y27 -> 0.0022508999 | V8: Solid | W8: =SUM([16]Manu_solid!$B$22:$M$25) -> 15.595201 | X8: =W8/SUM($W$7:$W$10) -> 0.0049862396
A9: ='[13]data summary'!A38 -> 0 | B9: ='[13]data summary'!B38 -> TARC | C9: ='[13]data summary'!C38 -> 12630424 | D9: ='[13]data summary'!D38 -> 1.4076467 | E9: ='[13]data summary'!E38 -> 1.3011302e+08 | G9: =SUM([15]Usage!D$22:D$25) -> 985.31269 | I9: ='[14]data summary'!M28 -> 0 | J9: ='[14]data summary'!N28 -> Solvent | K9: ='[14]data summary'!O28 -> 7.4326351 | L9: ='[14]data summary'!P28 -> 0.76717875 | M9: ='[14]data summary'!Q28 -> 0.28277432 | N9: ='[14]data summary'!R28 -> 0 | O9: ='[14]data summary'!S28 -> 0.39182965 | P9: ='[14]data summary'!T28 -> 0.040490064 | ... U9: ='[14]data summary'!Y28 -> 0.20833294 | V9: Solvent | W9: =SUM([16]Manu_solvent!$B$22:$M$25) -> 1593.285 | X9: =W9/SUM($W$7:$W$10) -> 0.50941959
A10: ='[13]data summary'!A39 -> 0 | B10: ='[13]data summary'!B39 -> Polymer | C10: ='[13]data summary'!C39 -> 275453.86 | D10: ='[13]data summary'!D39 -> 0.015626859 | E10: ='[13]data summary'!E39 -> 1973733.7 | G10: =SUM([15]Usage!E$22:E$25) -> 51.661725 | I10: ='[14]data summary'!M29 -> 0 | J10: ='[14]data summary'!N29 -> Water | K10: ='[14]data summary'!O29 -> 18.716084 | L10: ='[14]data summary'!P29 -> 1.9407461 | M10: ='[14]data summary'!Q29 -> 0.71205272 | N10: ='[14]data summary'!R29 -> 0 | O10: ='[14]data summary'!S29 -> 2.1332224 | P10: ='[14]data summary'!T29 -> 0.22145622 | ... U10: ='[14]data summary'!Y29 -> 0.78751722 | V10: Water | W10: =SUM([16]Manu_water!$B$22:$M$25) -> 1505.6113 | X10: =W10/SUM($W$7:$W$10) -> 0.48138775
A11: ='[13]data summary'!A40 -> 0 | B11: ='[13]data summary'!B40 -> ITC | C11: ='[13]data summary'!C40 -> 6598444.1 | D11: ='[13]data summary'!D40 -> 0.71523363 | E11: ='[13]data summary'!E40 -> 66833983 | G11: =SUM([15]Usage!F$22:F$25) -> 554.39303 | I11: ='[14]data summary'!M30 -> 0 | J11: ='[14]data summary'!N30 -> 0 | K11: ='[14]data summary'!O30 -> 26.284689 | L11: ='[14]data summary'!P30 -> 2.7219642 | M11: ='[14]data summary'!Q30 -> 0 | N11: ='[14]data summary'!R30 -> 0 | O11: ='[14]data summary'!S30 -> 2.5361639 | P11: ='[14]data summary'!T30 -> 0.26309337 | ... U11: ='[14]data summary'!Y30 -> 0
A12: ='[13]data summary'!A41 -> 0 | B12: ='[13]data summary'!B41 -> PBO | C12: ='[13]data summary'!C41 -> 2452437.9 | D12: ='[13]data summary'!D41 -> 0.13446325 | E12: ='[13]data summary'!E41 -> 17338474 | G12: =SUM([15]Usage!G$22:G$25) -> 499.84753 | I12: ='[14]data summary'!M31 -> 0 | J12: ='[14]data summary'!N31 -> 0 | K12: ='[14]data summary'!O31 -> 0 | L12: ='[14]data summary'!P31 -> 0 | M12: ='[14]data summary'!Q31 -> 0 | N12: ='[14]data summary'!R31 -> 0 | O12: ='[14]data summary'!S31 -> 0 | P12: ='[14]data summary'!T31 -> 0 | ... U12: ='[14]data summary'!Y31 -> 0
A13: ='[13]data summary'!A42 -> 0 | B13: ='[13]data summary'!B42 -> 0 | C13: ='[13]data summary'!C42 -> 26298683 | D13: ='[13]data summary'!D42 -> 2.53752 | E13: ='[13]data summary'!E42 -> 2.4841589e+08 | G13: =SUM(G7:G12) -> 2869.2671 | I13: ='[14]data summary'!M32 -> 2030 | J13: ='[14]data summary'!N32 -> Gas | K13: ='[14]data summary'!O32 -> 0.39383302 | L13: ='[14]data summary'!P32 -> 0.050238887 | M13: ='[14]data summary'!Q32 -> 0.0024056495 | N13: ='[14]data summary'!R32 -> 0 | O13: ='[14]data summary'!S32 -> 0.030618488 | P13: ='[14]data summary'!T32 -> 0.003902673 | ... U13: ='[14]data summary'!Y32 -> 0.0019573989 | V13: Gas | W13: =SUM([16]Manu_gas!$B$42:$M$45) -> 88.290742 | X13: =W13/SUM($W$13:$W$16) -> 0.0039833095
A14: ='[13]data summary'!A43 -> 0 | B14: ='[13]data summary'!B43 -> 0 | C14: ='[13]data summary'!C43 -> 0 | D14: ='[13]data summary'!D43 -> 0 | E14: ='[13]data summary'!E43 -> 0 | I14: ='[14]data summary'!M33 -> 0 | J14: ='[14]data summary'!N33 -> Solid | K14: ='[14]data summary'!O33 -> 0.50819423 | L14: ='[14]data summary'!P33 -> 0.064825641 | M14: ='[14]data summary'!Q33 -> 0.0031042018 | N14: ='[14]data summary'!R33 -> 0 | O14: ='[14]data summary'!S33 -> 0.039508165 | P14: ='[14]data summary'!T33 -> 0.005035644 | ... U14: ='[14]data summary'!Y33 -> 0.0025257789 | V14: Solid | W14: =SUM([16]Manu_solid!$B$42:$M$45) -> 113.93095 | X14: =W14/SUM($W$13:$W$16) -> 0.0051400887
A15: ='[13]data summary'!A44 -> 2030 | B15: ='[13]data summary'!B44 -> PAG | C15: ='[13]data summary'!C44 -> 26235602 | D15: ='[13]data summary'!D44 -> 1.3987559 | E15: ='[13]data summary'!E44 -> 1.88295e+08 | G15: =SUM([15]Usage!$B$42:$B$45) -> 4997.5979 | I15: ='[14]data summary'!M34 -> 0 | J15: ='[14]data summary'!N34 -> Solvent | K15: ='[14]data summary'!O34 -> 52.096474 | L15: ='[14]data summary'!P34 -> 6.5939615 | M15: ='[14]data summary'!Q34 -> 0.31822079 | N15: ='[14]data summary'!R34 -> 0 | O15: ='[14]data summary'!S34 -> 2.5554045 | P15: ='[14]data summary'!T34 -> 0.32946424 | ... U15: ='[14]data summary'!Y34 -> 0.23840177 | V15: Solvent | W15: =SUM([16]Manu_solvent!$B$42:$M$45) -> 11611.804 | X15: =W15/SUM($W$13:$W$16) -> 0.52387608
A16: ='[13]data summary'!A45 -> 0 | B16: ='[13]data summary'!B45 -> Sur | C16: ='[13]data summary'!C45 -> 1397214.9 | D16: ='[13]data summary'!D45 -> 0.1450495 | E16: ='[13]data summary'!E45 -> 14437993 | G16: =SUM([15]Usage!$C$42:$C$45) -> 117.66913 | I16: ='[14]data summary'!M35 -> 0 | J16: ='[14]data summary'!N35 -> Water | K16: ='[14]data summary'!O35 -> 110.71322 | L16: ='[14]data summary'!P35 -> 15.108036 | M16: ='[14]data summary'!Q35 -> 0.67626936 | N16: ='[14]data summary'!R35 -> 0 | O16: ='[14]data summary'!S35 -> 11.550379 | P16: ='[14]data summary'!T35 -> 1.6184732 | ... U16: ='[14]data summary'!Y35 -> 0.75711505 | V16: Water | W16: =SUM([16]Manu_water!$B$42:$M$45) -> 10351.147 | X16: =W16/SUM($W$13:$W$16) -> 0.46700053
A17: ='[13]data summary'!A46 -> 0 | B17: ='[13]data summary'!B46 -> TARC | C17: ='[13]data summary'!C46 -> 75258136 | D17: ='[13]data summary'!D46 -> 7.6603724 | E17: ='[13]data summary'!E46 -> 7.6822584e+08 | G17: =SUM([15]Usage!$D$42:$D$45) -> 6655.1589 | I17: ='[14]data summary'!M36 -> 0 | J17: ='[14]data summary'!N36 -> 0 | K17: ='[14]data summary'!O36 -> 163.71172 | L17: ='[14]data summary'!P36 -> 21.817062 | M17: ='[14]data summary'!Q36 -> 0 | N17: ='[14]data summary'!R36 -> 0 | O17: ='[14]data summary'!S36 -> 14.17591 | P17: ='[14]data summary'!T36 -> 1.9568758 | ... U17: ='[14]data summary'!Y36 -> 0
A18: ='[13]data summary'!A47 -> 0 | B18: ='[13]data summary'!B47 -> Polymer | C18: ='[13]data summary'!C47 -> 1765947.5 | D18: ='[13]data summary'!D47 -> 0.092563943 | E18: ='[13]data summary'!E47 -> 12574809 | G18: =SUM([15]Usage!$E$42:$E$45) -> 339.64756 | I18: ='[14]data summary'!M37 -> 0 | J18: ='[14]data summary'!N37 -> 0 | K18: ='[14]data summary'!O37 -> 0 | L18: ='[14]data summary'!P37 -> 0 | M18: ='[14]data summary'!Q37 -> 0 | N18: ='[14]data summary'!R37 -> 0 | O18: ='[14]data summary'!S37 -> 0 | P18: ='[14]data summary'!T37 -> 0 | ... U18: ='[14]data summary'!Y37 -> 0
A19: ='[13]data summary'!A48 -> 0 | B19: ='[13]data summary'!B48 -> ITC | C19: ='[13]data summary'!C48 -> 39186671 | D19: ='[13]data summary'!D48 -> 3.870327 | E19: ='[13]data summary'!E48 -> 3.926899e+08 | G19: =SUM([15]Usage!$F$42:$F$45) -> 3709.9941 | I19: ='[14]data summary'!M38 -> 2025 | J19: ='[14]data summary'!N38 -> 0 | K19: ='[14]data summary'!O38 -> 26.284689 | L19: ='[14]data summary'!P38 -> 2.7219642 | M19: ='[14]data summary'!Q38 -> 0 | N19: ='[14]data summary'!R38 -> 0 | O19: ='[14]data summary'!S38 -> 2.5361639 | P19: ='[14]data summary'!T38 -> 0.26309337 | ... U19: ='[14]data summary'!Y38 -> 0
A20: ='[13]data summary'!A49 -> 0 | B20: ='[13]data summary'!B49 -> PBO | C20: ='[13]data summary'!C49 -> 19884447 | D20: ='[13]data summary'!D49 -> 1.0102256 | E20: ='[13]data summary'!E49 -> 1.3989418e+08 | G20: =SUM([15]Usage!$G$42:$G$45) -> 4144.0595 | I20: ='[14]data summary'!M39 -> 2030 | J20: ='[14]data summary'!N39 -> 0 | K20: ='[14]data summary'!O39 -> 163.71172 | L20: ='[14]data summary'!P39 -> 21.817062 | M20: ='[14]data summary'!Q39 -> 0 | N20: ='[14]data summary'!R39 -> 0 | O20: ='[14]data summary'!S39 -> 14.17591 | P20: ='[14]data summary'!T39 -> 1.9568758 | ... U20: ='[14]data summary'!Y39 -> 0
A21: ='[13]data summary'!A50 -> 0 | B21: ='[13]data summary'!B50 -> 0 | C21: ='[13]data summary'!C50 -> 1.6372802e+08 | D21: ='[13]data summary'!D50 -> 14.177294 | E21: ='[13]data summary'!E50 -> 1.5161177e+09 | G21: =SUM(G15:G20) -> 19964.127
A25: 3.75 years
A26: ='[17]data summary'!A35 -> yearly | B26: ='[17]data summary'!B35 -> 0 | C26: ='[17]data summary'!C35 -> CC | D26: ='[17]data summary'!D35 -> HTC | E26: ='[17]data summary'!E35 -> CED | I26: ='[18]data summary'!M25 -> 0 | J26: ='[18]data summary'!N25 -> 0 | K26: ='[18]data summary'!O25 -> CC | L26: ='[18]data summary'!P25 -> CC | M26: ='[18]data summary'!Q25 -> 0 | N26: ='[18]data summary'!R25 -> 0 | O26: ='[18]data summary'!S25 -> HTC | P26: ='[18]data summary'!T25 -> HTC | ... U26: ='[18]data summary'!Y25 -> 0
A27: ='[17]data summary'!A36 -> 2025 | B27: ='[17]data summary'!B36 -> PAG | C27: ='[17]data summary'!C36 -> 4154122.7 | D27: ='[17]data summary'!D36 -> 0.24023309 | E27: ='[17]data summary'!E36 -> 30028256 | G27: =SUM([19]Usage!B$22:B$25) -> 770.1723 | I27: ='[18]data summary'!M26 -> 2025 | J27: ='[18]data summary'!N26 -> Gas | K27: ='[18]data summary'!O26 -> 0.063071469 | L27: ='[18]data summary'!P26 -> 0.0063617545 | M27: ='[18]data summary'!Q26 -> 0.0023671415 | N27: ='[18]data summary'!R26 -> 0 | O27: ='[18]data summary'!S26 -> 0.005154368 | P27: ='[18]data summary'!T26 -> 0.00051975366 | ... U27: ='[18]data summary'!Y26 -> 0.0018989743 | V27: Gas | W27: =SUM([20]Manu_gas!$B$22:$M$25) -> 13.321866 | X27: =W27/SUM($W$27:$W$30) -> 0.0042063741 | AA27: 0.0039833095 | AB27: 0.0039831634 | AC27: =(AA27+AB27)/2 -> 0.0039832364
A28: ='[17]data summary'!A37 -> 0 | B28: ='[17]data summary'!B37 -> Sur | C28: ='[17]data summary'!C37 -> 244989.11 | D28: ='[17]data summary'!D37 -> 0.02779579 | E28: ='[17]data summary'!E37 -> 2551892.1 | G28: =SUM([19]Usage!C$22:C$25) -> 18.133812 | I28: ='[18]data summary'!M27 -> 0 | J28: ='[18]data summary'!N27 -> Solid | K28: ='[18]data summary'!O27 -> 0.07476334 | L28: ='[18]data summary'!P27 -> 0.0075434986 | M28: ='[18]data summary'!Q27 -> 0.0028059502 | N28: ='[18]data summary'!R27 -> 0 | O28: ='[18]data summary'!S27 -> 0.0061097775 | P28: ='[18]data summary'!T27 -> 0.00061629348 | ... U28: ='[18]data summary'!Y27 -> 0.0022509931 | V28: Solid | W28: =SUM([20]Manu_solid!$B$22:$M$25) -> 15.79214 | X28: =W28/SUM($W$27:$W$30) -> 0.0049863621 | AA28: 0.0051400887 | AB28: 0.0051401686 | AC28: =(AA28+AB28)/2 -> 0.0051401286
A29: ='[17]data summary'!A38 -> 0 | B29: ='[17]data summary'!B38 -> TARC | C29: ='[17]data summary'!C38 -> 12795942 | D29: ='[17]data summary'!D38 -> 1.4260674 | E29: ='[17]data summary'!E38 -> 1.3181787e+08 | G29: =SUM([19]Usage!D$22:D$25) -> 998.253 | I29: ='[18]data summary'!M28 -> 0 | J29: ='[18]data summary'!N28 -> Solvent | K29: ='[18]data summary'!O28 -> 7.5347612 | L29: ='[18]data summary'!P28 -> 0.75993231 | M29: ='[18]data summary'!Q28 -> 0.28278786 | N29: ='[18]data summary'!R28 -> 0 | O29: ='[18]data summary'!S28 -> 0.39720756 | P29: ='[18]data summary'!T28 -> 0.040104914 | ... U29: ='[18]data summary'!Y28 -> 0.2083441 | V29: Solvent | W29: =SUM([20]Manu_solvent!$B$22:$M$25) -> 1613.4263 | X29: =W29/SUM($W$27:$W$30) -> 0.50943873 | AA29: 0.52387608 | AB29: 0.5238816 | AC29: =(AA29+AB29)/2 -> 0.52387884
A30: ='[17]data summary'!A39 -> 0 | B30: ='[17]data summary'!B39 -> Polymer | C30: ='[17]data summary'!C39 -> 279082.41 | D30: ='[17]data summary'!D39 -> 0.015832431 | E30: ='[17]data summary'!E39 -> 1999730.8 | G30: =SUM([19]Usage!E$22:E$25) -> 52.342575 | I30: ='[18]data summary'!M29 -> 0 | J30: ='[18]data summary'!N29 -> Water | K30: ='[18]data summary'!O29 -> 18.971975 | L30: ='[18]data summary'!P29 -> 1.9218217 | M30: ='[18]data summary'!Q29 -> 0.71203905 | N30: ='[18]data summary'!R29 -> 0 | O30: ='[18]data summary'!S29 -> 2.1623532 | P30: ='[18]data summary'!T29 -> 0.21928056 | ... U30: ='[18]data summary'!Y29 -> 0.78750594 | V30: Water | W30: =SUM([20]Manu_water!$B$22:$M$25) -> 1524.5261 | X30: =W30/SUM($W$27:$W$30) -> 0.48136854 | AA30: 0.46700053 | AB30: 0.46699507 | AC30: =(AA30+AB30)/2 -> 0.4669978
A31: ='[17]data summary'!A40 -> 0 | B31: ='[17]data summary'!B40 -> ITC | C31: ='[17]data summary'!C40 -> 6685447 | D31: ='[17]data summary'!D40 -> 0.7246506 | E31: ='[17]data summary'!E40 -> 67715061 | G31: =SUM([19]Usage!F$22:F$25) -> 561.71802 | I31: ='[18]data summary'!M30 -> 0 | J31: ='[18]data summary'!N30 -> 0 | K31: ='[18]data summary'!O30 -> 26.644571 | L31: ='[18]data summary'!P30 -> 2.6956593 | M31: ='[18]data summary'!Q30 -> 0 | N31: ='[18]data summary'!R30 -> 0 | O31: ='[18]data summary'!S30 -> 2.5708249 | P31: ='[18]data summary'!T30 -> 0.26052152 | ... U31: ='[18]data summary'!Y30 -> 0
A32: ='[17]data summary'!A41 -> 0 | B32: ='[17]data summary'!B41 -> PBO | C32: ='[17]data summary'!C41 -> 2484987.4 | D32: ='[17]data summary'!D41 -> 0.13624555 | E32: ='[17]data summary'!E41 -> 17568575 | G32: =SUM([19]Usage!G$22:G$25) -> 506.48432 | I32: ='[18]data summary'!M31 -> 0 | J32: ='[18]data summary'!N31 -> 0 | K32: ='[18]data summary'!O31 -> 0 | L32: ='[18]data summary'!P31 -> 0 | M32: ='[18]data summary'!Q31 -> 0 | N32: ='[18]data summary'!R31 -> 0 | O32: ='[18]data summary'!S31 -> 0 | P32: ='[18]data summary'!T31 -> 0 | ... U32: ='[18]data summary'!Y31 -> 0
A33: ='[17]data summary'!A42 -> 0 | B33: ='[17]data summary'!B42 -> 0 | C33: ='[17]data summary'!C42 -> 26644571 | D33: ='[17]data summary'!D42 -> 2.5708249 | E33: ='[17]data summary'!E42 -> 2.5168138e+08 | G33: =SUM(G27:G32) -> 2907.104 | I33: ='[18]data summary'!M32 -> 2030 | J33: ='[18]data summary'!N32 -> Gas | K33: ='[18]data summary'!O32 -> 0.42797735 | L33: ='[18]data summary'!P32 -> 0.051082416 | M33: ='[18]data summary'!Q32 -> 0.002405637 | N33: ='[18]data summary'!R32 -> 0 | O33: ='[18]data summary'!S32 -> 0.03327288 | P33: ='[18]data summary'!T32 -> 0.0039683809 | ... U33: ='[18]data summary'!Y32 -> 0.0019573918 | V33: Gas | W33: =SUM([20]Manu_gas!$B$42:$M$45) -> 95.033366 | X33: =W33/SUM($W$33:W36) -> #REF! | AA33: 0.0039832364 | AB33: 0.0051401286 | AC33: 0.52387884 | AD33: 0.4669978
A34: ='[17]data summary'!A43 -> 0 | B34: ='[17]data summary'!B43 -> 0 | C34: ='[17]data summary'!C43 -> 0 | D34: ='[17]data summary'!D43 -> 0 | E34: ='[17]data summary'!E43 -> 0 | I34: ='[18]data summary'!M33 -> 0 | J34: ='[18]data summary'!N33 -> Solid | K34: ='[18]data summary'!O33 -> 0.5522628 | L34: ='[18]data summary'!P33 -> 0.065903239 | M34: ='[18]data summary'!Q33 -> 0.0031042387 | N34: ='[18]data summary'!R33 -> 0 | O34: ='[18]data summary'!S33 -> 0.042933961 | P34: ='[18]data summary'!T33 -> 0.0051195833 | ... U34: ='[18]data summary'!Y33 -> 0.0025258127 | V34: Solid | W34: =SUM([20]Manu_solid!$B$42:$M$45) -> 122.63808 | X34: =W34/SUM($W$33:W37) -> #REF!
A35: ='[17]data summary'!A44 -> 2030 | B35: ='[17]data summary'!B44 -> PAG | C35: ='[17]data summary'!C44 -> 28507372 | D35: ='[17]data summary'!D44 -> 1.519866 | E35: ='[17]data summary'!E44 -> 2.0459956e+08 | G35: =SUM([19]Usage!$B$42:$B$45) -> 5430.3563 | I35: ='[18]data summary'!M34 -> 0 | J35: ='[18]data summary'!N34 -> Solvent | K35: ='[18]data summary'!O34 -> 56.614076 | L35: ='[18]data summary'!P34 -> 6.7036073 | M35: ='[18]data summary'!Q34 -> 0.31822459 | N35: ='[18]data summary'!R34 -> 0 | O35: ='[18]data summary'!S34 -> 2.7769812 | P35: ='[18]data summary'!T34 -> 0.33495894 | ... U35: ='[18]data summary'!Y34 -> 0.23840504 | V35: Solvent | W35: =SUM([20]Manu_solvent!$B$42:'[20]Manu_solvent'!$M$45) -> #REF! | X35: =W35/SUM($W$33:W38) -> #REF!
A36: ='[17]data summary'!A45 -> 0 | B36: ='[17]data summary'!B45 -> Sur | C36: ='[17]data summary'!C45 -> 1518189 | D36: ='[17]data summary'!D45 -> 0.157607 | E36: ='[17]data summary'!E45 -> 15688057 | G36: =SUM([19]Usage!$C$42:$C$45) -> 127.85848 | I36: ='[18]data summary'!M35 -> 0 | J36: ='[18]data summary'!N35 -> Water | K36: ='[18]data summary'!O35 -> 120.31172 | L36: ='[18]data summary'!P35 -> 15.360892 | M36: ='[18]data summary'!Q35 -> 0.67626553 | N36: ='[18]data summary'!R35 -> 0 | O36: ='[18]data summary'!S35 -> 12.551648 | P36: ='[18]data summary'!T35 -> 1.6456575 | ... U36: ='[18]data summary'!Y35 -> 0.75711175 | V36: Water | W36: =SUM([20]Manu_water!$B$42:$M$45) -> 11141.926 | X36: =W36/SUM($W$33:W39) -> #REF!
A37: ='[17]data summary'!A46 -> 0 | B37: ='[17]data summary'!B46 -> TARC | C37: ='[17]data summary'!C46 -> 81775082 | D37: ='[17]data summary'!D46 -> 8.3236557 | E37: ='[17]data summary'!E46 -> 8.3474941e+08 | G37: =SUM([19]Usage!$D$42:$D$45) -> 7231.5278 | I37: ='[18]data summary'!M36 -> 0 | J37: ='[18]data summary'!N36 -> 0 | K37: ='[18]data summary'!O36 -> 177.90604 | L37: ='[18]data summary'!P36 -> 22.181485 | M37: ='[18]data summary'!Q36 -> 0 | N37: ='[18]data summary'!R36 -> 0 | O37: ='[18]data summary'!S36 -> 15.404836 | P37: ='[18]data summary'!T36 -> 1.9897044 | ... U37: ='[18]data summary'!Y36 -> 0
A38: ='[17]data summary'!A47 -> 0 | B38: ='[17]data summary'!B47 -> Polymer | C38: ='[17]data summary'!C47 -> 1918863.1 | D38: ='[17]data summary'!D47 -> 0.10057855 | E38: ='[17]data summary'!E47 -> 13663671 | G38: =SUM([19]Usage!$E$42:$E$45) -> 369.05876 | I38: ='[18]data summary'!M37 -> 0 | J38: ='[18]data summary'!N37 -> 0 | K38: ='[18]data summary'!O37 -> 0 | L38: ='[18]data summary'!P37 -> 0 | M38: ='[18]data summary'!Q37 -> 0 | N38: ='[18]data summary'!R37 -> 0 | O38: ='[18]data summary'!S37 -> 0 | P38: ='[18]data summary'!T37 -> 0 | ... U38: ='[18]data summary'!Y37 -> 0
A39: ='[17]data summary'!A48 -> 0 | B39: ='[17]data summary'!B48 -> ITC | C39: ='[17]data summary'!C48 -> 42579543 | D39: ='[17]data summary'!D48 -> 4.2053949 | E39: ='[17]data summary'!E48 -> 4.2668951e+08 | G39: =SUM([19]Usage!$F$42:$F$45) -> 4031.2513 | I39: ='[18]data summary'!M38 -> 2025 | J39: ='[18]data summary'!N38 -> 0 | K39: ='[18]data summary'!O38 -> 26.644571 | L39: ='[18]data summary'!P38 -> 2.6956593 | M39: ='[18]data summary'!Q38 -> 0 | N39: ='[18]data summary'!R38 -> 0 | O39: ='[18]data summary'!S38 -> 2.5708249 | P39: ='[18]data summary'!T38 -> 0.26052152 | ... U39: ='[18]data summary'!Y38 -> 0
A40: ='[17]data summary'!A49 -> 0 | B40: ='[17]data summary'!B49 -> PBO | C40: ='[17]data summary'!C49 -> 21606991 | D40: ='[17]data summary'!D49 -> 1.0977333 | E40: ='[17]data summary'!E49 -> 1.5201285e+08 | G40: =SUM([19]Usage!$G$42:$G$45) -> 4503.0566 | I40: ='[18]data summary'!M39 -> 2030 | J40: ='[18]data summary'!N39 -> 0 | K40: ='[18]data summary'!O39 -> 177.90604 | L40: ='[18]data summary'!P39 -> 22.181485 | M40: ='[18]data summary'!Q39 -> 0 | N40: ='[18]data summary'!R39 -> 0 | O40: ='[18]data summary'!S39 -> 15.404836 | P40: ='[18]data summary'!T39 -> 1.9897044 | ... U40: ='[18]data summary'!Y39 -> 0
A41: ='[17]data summary'!A50 -> 0 | B41: ='[17]data summary'!B50 -> 0 | C41: ='[17]data summary'!C50 -> 1.7790604e+08 | D41: ='[17]data summary'!D50 -> 15.404836 | E41: ='[17]data summary'!E50 -> 1.6474031e+09 | G41: =SUM(G35:G40) -> 21693.109
A45: {=INDEX($A$6:$U$41, COLUMN(A1), ROW(A1))} -> yearly | B45: {=INDEX($A$6:$U$41, COLUMN(B1), ROW(B1))} -> 2025 | C45: {=INDEX($A$6:$U$41, COLUMN(C1), ROW(C1))} -> 0 | D45: {=INDEX($A$6:$U$41, COLUMN(D1), ROW(D1))} -> 0 | E45: {=INDEX($A$6:$U$41, COLUMN(E1), ROW(E1))} -> 0 | F45: {=INDEX($A$6:$U$41, COLUMN(F1), ROW(F1))} -> 0 | G45: {=INDEX($A$6:$U$41, COLUMN(G1), ROW(G1))} -> 0 | H45: {=INDEX($A$6:$U$41, COLUMN(H1), ROW(H1))} -> 0 | ... AJ45: {=INDEX($A$6:$U$41, COLUMN(AJ1), ROW(AJ1))} -> 0
A46: {=INDEX($A$6:$U$41, COLUMN(A2), ROW(A2))} -> 0 | B46: {=INDEX($A$6:$U$41, COLUMN(B2), ROW(B2))} -> PAG | C46: {=INDEX($A$6:$U$41, COLUMN(C2), ROW(C2))} -> Sur | D46: {=INDEX($A$6:$U$41, COLUMN(D2), ROW(D2))} -> TARC | E46: {=INDEX($A$6:$U$41, COLUMN(E2), ROW(E2))} -> Polymer | F46: {=INDEX($A$6:$U$41, COLUMN(F2), ROW(F2))} -> ITC | G46: {=INDEX($A$6:$U$41, COLUMN(G2), ROW(G2))} -> PBO | H46: {=INDEX($A$6:$U$41, COLUMN(H2), ROW(H2))} -> 0 | ... AJ46: {=INDEX($A$6:$U$41, COLUMN(AJ2), ROW(AJ2))} -> 0
A47: {=INDEX($A$6:$U$41, COLUMN(A3), ROW(A3))} -> CC | B47: {=INDEX($A$6:$U$41, COLUMN(B3), ROW(B3))} -> 4100113.8 | C47: {=INDEX($A$6:$U$41, COLUMN(C3), ROW(C3))} -> 241809.4 | D47: {=INDEX($A$6:$U$41, COLUMN(D3), ROW(D3))} -> 12630424 | E47: {=INDEX($A$6:$U$41, COLUMN(E3), ROW(E3))} -> 275453.86 | F47: {=INDEX($A$6:$U$41, COLUMN(F3), ROW(F3))} -> 6598444.1 | G47: {=INDEX($A$6:$U$41, COLUMN(G3), ROW(G3))} -> 2452437.9 | H47: {=INDEX($A$6:$U$41, COLUMN(H3), ROW(H3))} -> 26298683 | ... AJ47: {=INDEX($A$6:$U$41, COLUMN(AJ3), ROW(AJ3))} -> 1.7790604e+08
A48: {=INDEX($A$6:$U$41, COLUMN(A4), ROW(A4))} -> HTC | B48: {=INDEX($A$6:$U$41, COLUMN(B4), ROW(B4))} -> 0.23711406 | C48: {=INDEX($A$6:$U$41, COLUMN(C4), ROW(C4))} -> 0.027435518 | D48: {=INDEX($A$6:$U$41, COLUMN(D4), ROW(D4))} -> 1.4076467 | E48: {=INDEX($A$6:$U$41, COLUMN(E4), ROW(E4))} -> 0.015626859 | F48: {=INDEX($A$6:$U$41, COLUMN(F4), ROW(F4))} -> 0.71523363 | G48: {=INDEX($A$6:$U$41, COLUMN(G4), ROW(G4))} -> 0.13446325 | H48: {=INDEX($A$6:$U$41, COLUMN(H4), ROW(H4))} -> 2.53752 | ... AJ48: {=INDEX($A$6:$U$41, COLUMN(AJ4), ROW(AJ4))} -> 15.404836
A49: {=INDEX($A$6:$U$41, COLUMN(A5), ROW(A5))} -> CED | B49: {=INDEX($A$6:$U$41, COLUMN(B5), ROW(B5))} -> 29637899 | C49: {=INDEX($A$6:$U$41, COLUMN(C5), ROW(C5))} -> 2518775.3 | D49: {=INDEX($A$6:$U$41, COLUMN(D5), ROW(D5))} -> 1.3011302e+08 | E49: {=INDEX($A$6:$U$41, COLUMN(E5), ROW(E5))} -> 1973733.7 | F49: {=INDEX($A$6:$U$41, COLUMN(F5), ROW(F5))} -> 66833983 | G49: {=INDEX($A$6:$U$41, COLUMN(G5), ROW(G5))} -> 17338474 | H49: {=INDEX($A$6:$U$41, COLUMN(H5), ROW(H5))} -> 2.4841589e+08 | ... AJ49: {=INDEX($A$6:$U$41, COLUMN(AJ5), ROW(AJ5))} -> 1.6474031e+09
A50: {=INDEX($A$6:$U$41, COLUMN(A6), ROW(A6))} -> 0 | B50: {=INDEX($A$6:$U$41, COLUMN(B6), ROW(B6))} -> 0 | C50: {=INDEX($A$6:$U$41, COLUMN(C6), ROW(C6))} -> 0 | D50: {=INDEX($A$6:$U$41, COLUMN(D6), ROW(D6))} -> 0 | E50: {=INDEX($A$6:$U$41, COLUMN(E6), ROW(E6))} -> 0 | F50: {=INDEX($A$6:$U$41, COLUMN(F6), ROW(F6))} -> 0 | G50: {=INDEX($A$6:$U$41, COLUMN(G6), ROW(G6))} -> 0 | H50: {=INDEX($A$6:$U$41, COLUMN(H6), ROW(H6))} -> 0 | ... AJ50: {=INDEX($A$6:$U$41, COLUMN(AJ6), ROW(AJ6))} -> 0
A51: {=INDEX($A$6:$U$41, COLUMN(A7), ROW(A7))} -> Yearly usage amout, ton | B51: {=INDEX($A$6:$U$41, COLUMN(B7), ROW(B7))} -> 760.15422 | C51: {=INDEX($A$6:$U$41, COLUMN(C7), ROW(C7))} -> 17.897935 | D51: {=INDEX($A$6:$U$41, COLUMN(D7), ROW(D7))} -> 985.31269 | E51: {=INDEX($A$6:$U$41, COLUMN(E7), ROW(E7))} -> 51.661725 | F51: {=INDEX($A$6:$U$41, COLUMN(F7), ROW(F7))} -> 554.39303 | G51: {=INDEX($A$6:$U$41, COLUMN(G7), ROW(G7))} -> 499.84753 | H51: {=INDEX($A$6:$U$41, COLUMN(H7), ROW(H7))} -> 2869.2671 | ... AJ51: {=INDEX($A$6:$U$41, COLUMN(AJ7), ROW(AJ7))} -> 21693.109
A52: {=INDEX($A$6:$U$41, COLUMN(A8), ROW(A8))} -> 0 | B52: {=INDEX($A$6:$U$41, COLUMN(B8), ROW(B8))} -> 0 | C52: {=INDEX($A$6:$U$41, COLUMN(C8), ROW(C8))} -> 0 | D52: {=INDEX($A$6:$U$41, COLUMN(D8), ROW(D8))} -> 0 | E52: {=INDEX($A$6:$U$41, COLUMN(E8), ROW(E8))} -> 0 | F52: {=INDEX($A$6:$U$41, COLUMN(F8), ROW(F8))} -> 0 | G52: {=INDEX($A$6:$U$41, COLUMN(G8), ROW(G8))} -> 0 | H52: {=INDEX($A$6:$U$41, COLUMN(H8), ROW(H8))} -> 0 | ... AJ52: {=INDEX($A$6:$U$41, COLUMN(AJ8), ROW(AJ8))} -> 0
A53: {=INDEX($A$6:$U$41, COLUMN(A9), ROW(A9))} -> 0 | B53: {=INDEX($A$6:$U$41, COLUMN(B9), ROW(B9))} -> 2025 | C53: {=INDEX($A$6:$U$41, COLUMN(C9), ROW(C9))} -> 0 | D53: {=INDEX($A$6:$U$41, COLUMN(D9), ROW(D9))} -> 0 | E53: {=INDEX($A$6:$U$41, COLUMN(E9), ROW(E9))} -> 0 | F53: {=INDEX($A$6:$U$41, COLUMN(F9), ROW(F9))} -> 0 | G53: {=INDEX($A$6:$U$41, COLUMN(G9), ROW(G9))} -> 0 | H53: {=INDEX($A$6:$U$41, COLUMN(H9), ROW(H9))} -> 2030 | ... AJ53: {=INDEX($A$6:$U$41, COLUMN(AJ9), ROW(AJ9))} -> 0
A54: {=INDEX($A$6:$U$41, COLUMN(A10), ROW(A10))} -> 0 | B54: {=INDEX($A$6:$U$41, COLUMN(B10), ROW(B10))} -> Gas | C54: {=INDEX($A$6:$U$41, COLUMN(C10), ROW(C10))} -> Solid | D54: {=INDEX($A$6:$U$41, COLUMN(D10), ROW(D10))} -> Solvent | E54: {=INDEX($A$6:$U$41, COLUMN(E10), ROW(E10))} -> Water | F54: {=INDEX($A$6:$U$41, COLUMN(F10), ROW(F10))} -> 0 | G54: {=INDEX($A$6:$U$41, COLUMN(G10), ROW(G10))} -> 0 | H54: {=INDEX($A$6:$U$41, COLUMN(H10), ROW(H10))} -> Gas | ... AJ54: {=INDEX($A$6:$U$41, COLUMN(AJ10), ROW(AJ10))} -> 0
A55: {=INDEX($A$6:$U$41, COLUMN(A11), ROW(A11))} -> CC | B55: {=INDEX($A$6:$U$41, COLUMN(B11), ROW(B11))} -> 0.062218587 | C55: {=INDEX($A$6:$U$41, COLUMN(C11), ROW(C11))} -> 0.073750853 | D55: {=INDEX($A$6:$U$41, COLUMN(D11), ROW(D11))} -> 7.4326351 | E55: {=INDEX($A$6:$U$41, COLUMN(E11), ROW(E11))} -> 18.716084 | F55: {=INDEX($A$6:$U$41, COLUMN(F11), ROW(F11))} -> 26.284689 | G55: {=INDEX($A$6:$U$41, COLUMN(G11), ROW(G11))} -> 0 | H55: {=INDEX($A$6:$U$41, COLUMN(H11), ROW(H11))} -> 0.39383302 | ... AJ55: {=INDEX($A$6:$U$41, COLUMN(AJ11), ROW(AJ11))} -> 0
A56: {=INDEX($A$6:$U$41, COLUMN(A12), ROW(A12))} -> CC | B56: {=INDEX($A$6:$U$41, COLUMN(B12), ROW(B12))} -> 0.0064235509 | C56: {=INDEX($A$6:$U$41, COLUMN(C12), ROW(C12))} -> 0.0076158763 | D56: {=INDEX($A$6:$U$41, COLUMN(D12), ROW(D12))} -> 0.76717875 | E56: {=INDEX($A$6:$U$41, COLUMN(E12), ROW(E12))} -> 1.9407461 | F56: {=INDEX($A$6:$U$41, COLUMN(F12), ROW(F12))} -> 2.7219642 | G56: {=INDEX($A$6:$U$41, COLUMN(G12), ROW(G12))} -> 0 | H56: {=INDEX($A$6:$U$41, COLUMN(H12), ROW(H12))} -> 0.050238887 | ... AJ56: {=INDEX($A$6:$U$41, COLUMN(AJ12), ROW(AJ12))} -> 0
... A65: {=INDEX($A$6:$U$41, COLUMN(A21), ROW(A21))} -> 0 | B65: {=INDEX($A$6:$U$41, COLUMN(B21), ROW(B21))} -> 0.0018989343 | C65: {=INDEX($A$6:$U$41, COLUMN(C21), ROW(C21))} -> 0.0022508999 | D65: {=INDEX($A$6:$U$41, COLUMN(D21), ROW(D21))} -> 0.20833294 | E65: {=INDEX($A$6:$U$41, COLUMN(E21), ROW(E21))} -> 0.78751722 | F65: {=INDEX($A$6:$U$41, COLUMN(F21), ROW(F21))} -> 0 | G65: {=INDEX($A$6:$U$41, COLUMN(G21), ROW(G21))} -> 0 | H65: {=INDEX($A$6:$U$41, COLUMN(H21), ROW(H21))} -> 0.0019573989 | ... AJ65: {=INDEX($A$6:$U$41, COLUMN(AJ21), ROW(AJ21))} -> 0
A68: Final data for figure | B68: 2025 | J68: 2030
B69: PAG | C69: Sur | D69: TARC | E69: Polymer | F69: ITC | G69: PBO | H69: Total | I69: Error | J69: PAG | K69: Sur | L69: TARC | M69: Polymer | N69: ITC | O69: PBO | P69: Total | Q69: Error
A70: CC | B70: =(B47+V47)/2 -> 4127118.3 | C70: =(C47+W47)/2 -> 243399.26 | D70: =(D47+X47)/2 -> 12713183 | E70: =(E47+Y47)/2 -> 277268.14 | F70: =(F47+Z47)/2 -> 6641945.6 | G70: =(G47+AA47)/2 -> 2468712.7 | H70: =(H47+AB47)/2 -> 26471627 | I70: =ABS(H47-H70) -> 172943.83 | J70: =(J47+AD47)/2 -> 27371487 | K70: =(K47+AE47)/2 -> 1457701.9 | L70: =(L47+AF47)/2 -> 78516609 | M70: =(M47+AG47)/2 -> 1842405.3 | N70: =(N47+AH47)/2 -> 40883107 | O70: =(O47+AI47)/2 -> 20745719 | P70: =(P47+AJ47)/2 -> 1.7081703e+08 | Q70: =ABS(P47-P70) -> 7089010.6
A71: HTC | B71: =(B48+V48)/2 -> 0.23867358 | C71: =(C48+W48)/2 -> 0.027615654 | D71: =(D48+X48)/2 -> 1.416857 | E71: =(E48+Y48)/2 -> 0.015729645 | F71: =(F48+Z48)/2 -> 0.71994212 | G71: =(G48+AA48)/2 -> 0.1353544 | H71: =(H48+AB48)/2 -> 2.5541724 | I71: =ABS(H48-H71) -> 0.016652463 | J71: =(J48+AD48)/2 -> 1.459311 | K71: =(K48+AE48)/2 -> 0.15132825 | L71: =(L48+AF48)/2 -> 7.9920141 | M71: =(M48+AG48)/2 -> 0.096571247 | N71: =(N48+AH48)/2 -> 4.037861 | O71: =(O48+AI48)/2 -> 1.0539795 | P71: =(P48+AJ48)/2 -> 14.791065 | Q71: =ABS(P48-P71) -> 0.61377057
A72: CED | B72: =(B49+V49)/2 -> 29833078 | C72: =(C49+W49)/2 -> 2535333.7 | D72: =(D49+X49)/2 -> 1.3096545e+08 | E72: =(E49+Y49)/2 -> 1986732.2 | F72: =(F49+Z49)/2 -> 67274522 | G72: =(G49+AA49)/2 -> 17453524 | H72: =(H49+AB49)/2 -> 2.5004864e+08 | I72: =ABS(H49-H72) -> 1632745.7 | J72: =(J49+AD49)/2 -> 1.9644728e+08 | K72: =(K49+AE49)/2 -> 15063025 | L72: =(L49+AF49)/2 -> 8.0148762e+08 | M72: =(M49+AG49)/2 -> 13119240 | N72: =(N49+AH49)/2 -> 4.0968971e+08 | O72: =(O49+AI49)/2 -> 1.4595351e+08 | P72: =(P49+AJ49)/2 -> 1.5817604e+09 | Q72: =ABS(P49-P72) -> 65642667
A74: Usage amount | B74: =(B51+V51)/2 -> 765.16326 | C74: =(C51+W51)/2 -> 18.015874 | D74: =(D51+X51)/2 -> 991.78284 | E74: =(E51+Y51)/2 -> 52.00215 | F74: =(F51+Z51)/2 -> 558.05553 | G74: =(G51+AA51)/2 -> 503.16593 | H74: =(H51+AB51)/2 -> 2888.1856 | I74: =ABS(H51-H74) -> 18.918442 | J74: =(J51+AD51)/2 -> 5213.9771 | K74: =(K51+AE51)/2 -> 122.7638 | L74: =(L51+AF51)/2 -> 6943.3433 | M74: =(M51+AG51)/2 -> 354.35316 | N74: =(N51+AH51)/2 -> 3870.6227 | O74: =(O51+AI51)/2 -> 4323.5581 | P74: =(P51+AJ51)/2 -> 20828.618 | Q74: =ABS(P51-P74) -> 864.49114
A77: Share CC | B77: =(B57+V57)/2 -> 0.0023671226 | C77: =(C57+W57)/2 -> 0.0028058993 | D77: =(D57+X57)/2 -> 0.28278109 | E77: =(E57+Y57)/2 -> 0.71204589 | J77: =(H57+AB57)/2 -> 0.0024056432 | K77: =(I57+AC57)/2 -> 0.0031042202 | L77: =(J57+AD57)/2 -> 0.31822269 | M77: =(K57+AE57)/2 -> 0.67626745
A78: Share HTC | B78: =(B61+V61)/2 -> 0.0020049167 | C78: =(C61+W61)/2 -> 0.0023765223 | D78: =(D61+X61)/2 -> 0.15450143 | E78: =(E61+Y61)/2 -> 0.84111713 | J78: =(H61+AB61)/2 -> 0.0021598971 | K78: =(I61+AC61)/2 -> 0.0027870188 | L78: =(J61+AD61)/2 -> 0.18026536 | M78: =(K61+AE61)/2 -> 0.81478772
A79: Share CED | B79: =(B65+V65)/2 -> 0.0018989543 | C79: =(C65+W65)/2 -> 0.0022509465 | D79: =(D65+X65)/2 -> 0.20833852 | E79: =(E65+Y65)/2 -> 0.78751158 | J79: =(H65+AB65)/2 -> 0.0019573953 | K79: =(I65+AC65)/2 -> 0.0025257958 | L79: =(J65+AD65)/2 -> 0.23840341 | M79: =(K65+AE65)/2 -> 0.7571134

Sheet 5-alternativess
C5: 100% replacement
A6: ='[21]data summary'!A35 -> yearly | B6: ='[21]data summary'!B35 -> 0 | C6: ='[21]data summary'!C35 -> CC | D6: ='[21]data summary'!D35 -> HTC | E6: ='[21]data summary'!E35 -> CED | G6: Usage amount ton | I6: ='[22]data summary'!M25 -> 0 | J6: ='[22]data summary'!N25 -> 0 | K6: ='[22]data summary'!O25 -> CC | L6: ='[22]data summary'!P25 -> CC | M6: ='[22]data summary'!Q25 -> 0 | N6: ='[22]data summary'!R25 -> 0 | O6: ='[22]data summary'!S25 -> HTC | P6: ='[22]data summary'!T25 -> HTC | ... U6: ='[22]data summary'!Y25 -> 0
A7: ='[21]data summary'!A36 -> 2025 | B7: ='[21]data summary'!B36 -> PAG | C7: ='[21]data summary'!C36 -> 0 | D7: ='[21]data summary'!D36 -> 0 | E7: ='[21]data summary'!E36 -> 0 | G7: =SUM([23]Usage!B$22:B$25)*0 -> 0 | I7: ='[22]data summary'!M26 -> 2025 | J7: ='[22]data summary'!N26 -> Gas | K7: ='[22]data summary'!O26 -> 0.065145352 | L7: ='[22]data summary'!P26 -> 0.0063471552 | M7: ='[22]data summary'!Q26 -> 0.0023623556 | N7: ='[22]data summary'!R26 -> 0 | O7: ='[22]data summary'!S26 -> 0.0053237615 | P7: ='[22]data summary'!T26 -> 0.00051857897 | ... U7: ='[22]data summary'!Y26 -> 0.0018933268 | V7: Gas | W7: =SUM([24]Manu_gas!$B$22:$M$25) -> 7.2719815 | X7: =W7/SUM($W$7:$W$10) -> 0.0025827664
A8: ='[21]data summary'!A37 -> 0 | B8: ='[21]data summary'!B37 -> Sur | C8: ='[21]data summary'!C37 -> 252537.14 | D8: ='[21]data summary'!D37 -> 0.02865145 | E8: ='[21]data summary'!E37 -> 2630508.8 | G8: =SUM([23]Usage!C$22:C$25) -> 18.675883 | I8: ='[22]data summary'!M27 -> 0 | J8: ='[22]data summary'!N27 -> Solid | K8: ='[22]data summary'!O27 -> 0.077224238 | L8: ='[22]data summary'!P27 -> 0.0075256815 | M8: ='[22]data summary'!Q27 -> 0.0028003703 | N8: ='[22]data summary'!R27 -> 0 | O8: ='[22]data summary'!S27 -> 0.0063107794 | P8: ='[22]data summary'!T27 -> 0.00061485927 | ... U8: ='[22]data summary'!Y27 -> 0.0022443733 | V8: Solid | W8: =SUM([24]Manu_solid!$B$22:$M$25) -> 13.11852 | X8: =W8/SUM($W$7:$W$10) -> 0.0046592626
A9: ='[21]data summary'!A38 -> 0 | B9: ='[21]data summary'!B38 -> TARC | C9: ='[21]data summary'!C38 -> 13189364 | D9: ='[21]data summary'!D38 -> 1.4698755 | E9: ='[21]data summary'!E38 -> 1.3587035e+08 | G9: =SUM([23]Usage!D$22:D$25) -> 1028.0208 | I9: ='[22]data summary'!M28 -> 0 | J9: ='[22]data summary'!N28 -> Solvent | K9: ='[22]data summary'!O28 -> 7.7829222 | L9: ='[22]data summary'!P28 -> 0.75811215 | M9: ='[22]data summary'!Q28 -> 0.28223088 | N9: ='[22]data summary'!R28 -> 0 | O9: ='[22]data summary'!S28 -> 0.41027969 | P9: ='[22]data summary'!T28 -> 0.040010384 | ... U9: ='[22]data summary'!Y28 -> 0.20773552 | V9: Solvent | W9: =SUM([24]Manu_solvent!$B$22:$M$25) -> 1242.8875 | X9: =W9/SUM($W$7:$W$10) -> 0.44143235
A10: ='[21]data summary'!A39 -> 0 | B10: ='[21]data summary'!B39 -> Polymer | C10: ='[21]data summary'!C39 -> 287690.12 | D10: ='[21]data summary'!D39 -> 0.016320343 | E10: ='[21]data summary'!E39 -> 2061404 | G10: =SUM([23]Usage!E$22:E$25) -> 53.907243 | I10: ='[22]data summary'!M29 -> 0 | J10: ='[22]data summary'!N29 -> Water | K10: ='[22]data summary'!O29 -> 19.651146 | L10: ='[22]data summary'!P29 -> 1.9160737 | M10: ='[22]data summary'!Q29 -> 0.71260639 | N10: ='[22]data summary'!R29 -> 0 | O10: ='[22]data summary'!S29 -> 2.242072 | P10: ='[22]data summary'!T29 -> 0.21825975 | ... U10: ='[22]data summary'!Y29 -> 0.78812678 | V10: Water | W10: =SUM([24]Manu_water!$B$22:$M$25) -> 1552.3006 | X10: =W10/SUM($W$7:$W$10) -> 0.55132562
A11: ='[21]data summary'!A40 -> 0 | B11: ='[21]data summary'!B40 -> ITC | C11: ='[21]data summary'!C40 -> 6891761.9 | D11: ='[21]data summary'!D40 -> 0.74699375 | E11: ='[21]data summary'!E40 -> 69804546 | G11: =SUM([23]Usage!F$22:F$25) -> 578.53942 | I11: ='[22]data summary'!M30 -> 0 | J11: ='[22]data summary'!N30 -> 0 | K11: ='[22]data summary'!O30 -> 27.576438 | L11: ='[22]data summary'!P30 -> 2.6880587 | M11: ='[22]data summary'!Q30 -> 0 | N11: ='[22]data summary'!R30 -> 0 | O11: ='[22]data summary'!S30 -> 2.6639862 | P11: ='[22]data summary'!T30 -> 0.25940357 | ... U11: ='[22]data summary'!Y30 -> 0
A12: ='[21]data summary'!A41 -> 0 | B12: ='[21]data summary'!B41 -> PBO | C12: ='[21]data summary'!C41 -> 2561982.2 | D12: ='[21]data summary'!D41 -> 0.14046358 | E12: ='[21]data summary'!E41 -> 18112890 | G12: =SUM([23]Usage!G$22:G$25) -> 521.70404
A13: ='[21]data summary'!A42 -> 0 | B13: ='[21]data summary'!B42 -> 0 | C13: ='[21]data summary'!C42 -> 23183335 | D13: ='[21]data summary'!D42 -> 2.4023046 | E13: ='[21]data summary'!E42 -> 2.284797e+08 | G13: =SUM(G7:G12) -> 2200.8474 | I13: ='[22]data summary'!M32 -> 2030 | J13: ='[22]data summary'!N32 -> 31 | K13: ='[22]data summary'!O32 -> 0.45902379 | L13: ='[22]data summary'!P32 -> 0.049815915 | M13: ='[22]data summary'!Q32 -> 0.0023379715 | N13: ='[22]data summary'!R32 -> 0 | O13: ='[22]data summary'!S32 -> 0.035686245 | P13: ='[22]data summary'!T32 -> 0.003869802 | ... U13: ='[22]data summary'!Y32 -> 0.0018759651 | V13: Gas | W13: =SUM([24]Manu_gas!$B$42:$M$45) -> 53.994379 | X13: =W13/SUM($W$13:$W$16) -> 0.002425803
A14: ='[21]data summary'!A43 -> 0 | B14: ='[21]data summary'!B43 -> 0 | C14: ='[21]data summary'!C43 -> 0 | D14: ='[21]data summary'!D43 -> 0 | E14: ='[21]data summary'!E43 -> 0 | I14: ='[22]data summary'!M33 -> 0 | J14: ='[22]data summary'!N33 -> Solid | K14: ='[22]data summary'!O33 -> 0.59234464 | L14: ='[22]data summary'!P33 -> 0.064280695 | M14: ='[22]data summary'!Q33 -> 0.003017022 | N14: ='[22]data summary'!R33 -> 0 | O14: ='[22]data summary'!S33 -> 0.046049585 | P14: ='[22]data summary'!T33 -> 0.0049932959 | ... U14: ='[22]data summary'!Y33 -> 0.0024208195 | V14: Solid | W14: =SUM([24]Manu_solid!$B$42:$M$45) -> 108.06889 | X14: =W14/SUM($W$13:$W$16) -> 0.004855206
A15: ='[21]data summary'!A44 -> 2030 | B15: ='[21]data summary'!B44 -> PAG | C15: ='[21]data summary'!C44 -> 0 | D15: ='[21]data summary'!D44 -> 0 | E15: ='[21]data summary'!E44 -> 0 | G15: 0 | I15: ='[22]data summary'!M34 -> 0 | J15: ='[22]data summary'!N34 -> Solvent | K15: ='[22]data summary'!O34 -> 60.722998 | L15: ='[22]data summary'!P34 -> 6.5385274 | M15: ='[22]data summary'!Q34 -> 0.30928384 | N15: ='[22]data summary'!R34 -> 0 | O15: ='[22]data summary'!S34 -> 2.9784897 | P15: ='[22]data summary'!T34 -> 0.32669332 | ... U15: ='[22]data summary'!Y34 -> 0.22849516 | V15: Solvent | W15: =SUM([24]Manu_solvent!$B$42:$M$45) -> 10285.387 | X15: =W15/SUM($W$13:$W$16) -> 0.4620911
A16: ='[21]data summary'!A45 -> 0 | B16: ='[21]data summary'!B45 -> Sur | C16: ='[21]data summary'!C45 -> 1628177.7 | D16: ='[21]data summary'!D45 -> 0.16902067 | E16: ='[21]data summary'!E45 -> 16824575 | G16: =SUM([23]Usage!C$42:C$45) -> 137.22873 | I16: ='[22]data summary'!M35 -> 0 | J16: ='[22]data summary'!N35 -> Water | K16: ='[22]data summary'!O35 -> 134.55984 | L16: ='[22]data summary'!P35 -> 14.82629 | M16: ='[22]data summary'!Q35 -> 0.68536117 | N16: ='[22]data summary'!R35 -> 0 | O16: ='[22]data summary'!S35 -> 14.322728 | P16: ='[22]data summary'!T35 -> 1.5481681 | ... U16: ='[22]data summary'!Y35 -> 0.76720806 | V16: Water | W16: =SUM([24]Manu_water!$B$42:$M$45) -> 11810.903 | X16: =W16/SUM($W$13:$W$16) -> 0.53062789
A17: ='[21]data summary'!A46 -> 0 | B17: ='[21]data summary'!B46 -> TARC | C17: ='[21]data summary'!C46 -> 87702763 | D17: ='[21]data summary'!D46 -> 8.9267745 | E17: ='[21]data summary'!E46 -> 8.9525605e+08 | G17: =SUM([23]Usage!D$42:D$45) -> 7761.644 | I17: ='[22]data summary'!M36 -> 0 | J17: ='[22]data summary'!N36 -> 0 | K17: ='[22]data summary'!O36 -> 196.33421 | L17: ='[22]data summary'!P36 -> 21.478914 | M17: ='[22]data summary'!Q36 -> 0 | N17: ='[22]data summary'!R36 -> 0 | O17: ='[22]data summary'!S36 -> 17.382954 | P17: ='[22]data summary'!T36 -> 1.8837245 | ... U17: ='[22]data summary'!Y36 -> 0
A18: ='[21]data summary'!A47 -> 0 | B18: ='[21]data summary'!B47 -> Polymer | C18: ='[21]data summary'!C47 -> 2057938.1 | D18: ='[21]data summary'!D47 -> 0.10786596 | E18: ='[21]data summary'!E47 -> 14653961 | G18: =SUM([23]Usage!E$42:E$45) -> 396.10563
A19: ='[21]data summary'!A48 -> 0 | B19: ='[21]data summary'!B48 -> ITC | C19: ='[21]data summary'!C48 -> 45664313 | D19: ='[21]data summary'!D48 -> 4.5099384 | E19: ='[21]data summary'!E48 -> 4.5760058e+08 | G19: =SUM([23]Usage!F$42:F$45) -> 4326.6797 | I19: ='[22]data summary'!M38 -> 2025 | J19: ='[22]data summary'!N38 -> 0 | K19: ='[22]data summary'!O38 -> 27.576438 | L19: ='[22]data summary'!P38 -> 2.6880587 | M19: ='[22]data summary'!Q38 -> 0 | N19: ='[22]data summary'!R38 -> 0 | O19: ='[22]data summary'!S38 -> 2.6639862 | P19: ='[22]data summary'!T38 -> 0.25940357 | ... U19: ='[22]data summary'!Y38 -> 0
A20: ='[21]data summary'!A49 -> 0 | B20: ='[21]data summary'!B49 -> PBO | C20: ='[21]data summary'!C49 -> 23175674 | D20: ='[21]data summary'!D49 -> 1.1774054 | E20: ='[21]data summary'!E49 -> 1.6304888e+08 | G20: =SUM([23]Usage!G$42:G$45) -> 4833.3514 | I20: ='[22]data summary'!M39 -> 2030 | J20: ='[22]data summary'!N39 -> 0 | K20: ='[22]data summary'!O39 -> 196.33421 | L20: ='[22]data summary'!P39 -> 21.478914 | M20: ='[22]data summary'!Q39 -> 0 | N20: ='[22]data summary'!R39 -> 0 | O20: ='[22]data summary'!S39 -> 17.382954 | P20: ='[22]data summary'!T39 -> 1.8837245 | ... U20: ='[22]data summary'!Y39 -> 0
A21: ='[21]data summary'!A50 -> 0 | B21: ='[21]data summary'!B50 -> 0 | C21: ='[21]data summary'!C50 -> 1.6022887e+08 | D21: ='[21]data summary'!D50 -> 14.891005 | E21: ='[21]data summary'!E50 -> 1.547384e+09 | G21: =SUM(G15:G20) -> 17455.01
A25: 50% replacement
A26: ='[25]data summary'!A35 -> yearly | B26: ='[25]data summary'!B35 -> 0 | C26: ='[25]data summary'!C35 -> CC | D26: ='[25]data summary'!D35 -> HTC | E26: ='[25]data summary'!E35 -> CED | I26: ='[26]data summary'!M25 -> 0 | J26: ='[26]data summary'!N25 -> 0 | K26: ='[26]data summary'!O25 -> CC | L26: ='[26]data summary'!P25 -> CC | M26: ='[26]data summary'!Q25 -> 0 | N26: ='[26]data summary'!R25 -> 0 | O26: ='[26]data summary'!S25 -> HTC | P26: ='[26]data summary'!T25 -> HTC | ... U26: ='[26]data summary'!Y25 -> 0
A27: ='[25]data summary'!A36 -> 2025 | B27: ='[25]data summary'!B36 -> PAG | C27: ='[25]data summary'!C36 -> 2140801 | D27: ='[25]data summary'!D36 -> 0.12379899 | E27: ='[25]data summary'!E36 -> 15474832 | G27: =baseline!G5*0.5 -> 396.59746 | I27: ='[26]data summary'!M26 -> 2025 | J27: ='[26]data summary'!N26 -> Gas | K27: ='[26]data summary'!O26 -> 0.034569028 | L27: ='[26]data summary'!P26 -> 0.0033712314 | M27: ='[26]data summary'!Q26 -> 0.0013652564 | N27: ='[26]data summary'!R26 -> 0 | O27: ='[26]data summary'!S26 -> 0.0028250218 | P27: ='[26]data summary'!T26 -> 0.00027542328 | ... U27: ='[26]data summary'!Y26 -> 0.0010739357 | V27: Gas | W27: =SUM([27]Manu_gas!$B$22:$M$25) -> 0.86818243 | X27: =W27/SUM($W$27:$W$30) -> 0.00036513945
A28: ='[25]data summary'!A37 -> 0 | B28: ='[25]data summary'!B37 -> Sur | C28: ='[25]data summary'!C37 -> 252498.02 | D28: ='[25]data summary'!D37 -> 0.028646904 | E28: ='[25]data summary'!E37 -> 2630100.3 | G28: =G8 -> 18.675883 | I28: ='[26]data summary'!M27 -> 0 | J28: ='[26]data summary'!N27 -> Solid | K28: ='[26]data summary'!O27 -> 0.062358879 | L28: ='[26]data summary'!P27 -> 0.0060837743 | M28: ='[26]data summary'!Q27 -> 0.0024627785 | N28: ='[26]data summary'!R27 -> 0 | O28: ='[26]data summary'!S27 -> 0.0050959573 | P28: ='[26]data summary'!T27 -> 0.00049702446 | ... U28: ='[26]data summary'!Y27 -> 0.001937263 | V28: Solid | W28: =SUM([27]Manu_solid!$B$22:$M$25) -> 10.015433 | X28: =W28/SUM($W$27:$W$30) -> 0.0042122825
A29: ='[25]data summary'!A38 -> 0 | B29: ='[25]data summary'!B38 -> TARC | C29: ='[25]data summary'!C38 -> 13187196 | D29: ='[25]data summary'!D38 -> 1.4696283 | E29: ='[25]data summary'!E38 -> 1.3584796e+08 | G29: =G9 -> 1028.0208 | I29: ='[26]data summary'!M28 -> 0 | J29: ='[26]data summary'!N28 -> Solvent | K29: ='[26]data summary'!O28 -> 5.828001 | L29: ='[26]data summary'!P28 -> 0.56838825 | M29: ='[26]data summary'!Q28 -> 0.23016892 | N29: ='[26]data summary'!R28 -> 0 | O29: ='[26]data summary'!S28 -> 0.30722204 | P29: ='[26]data summary'!T28 -> 0.029995439 | ... U29: ='[26]data summary'!Y28 -> 0.16627866 | V29: Solvent | W29: =SUM([27]Manu_solvent!$B$22:$M$25) -> 828.64741 | X29: =W29/SUM($W$27:$W$30) -> 0.34851184
A30: ='[25]data summary'!A39 -> 0 | B30: ='[25]data summary'!B39 -> Polymer | C30: ='[25]data summary'!C39 -> 287646.94 | D30: ='[25]data summary'!D39 -> 0.016317833 | E30: ='[25]data summary'!E39 -> 2061094 | G30: =G10 -> 53.907243 | I30: ='[26]data summary'!M29 -> 0 | J30: ='[26]data summary'!N29 -> Water | K30: ='[26]data summary'!O29 -> 19.39561 | L30: ='[26]data summary'!P29 -> 1.8996322 | M30: ='[26]data summary'!Q29 -> 0.76600305 | N30: ='[26]data summary'!R29 -> 0 | O30: ='[26]data summary'!S29 -> 2.2105745 | P30: ='[26]data summary'!T29 -> 0.21674365 | ... U30: ='[26]data summary'!Y29 -> 0.83071014 | V30: Water | W30: =SUM([27]Manu_water!$B$22:$M$25) -> 1538.1426 | X30: =W30/SUM($W$27:$W$30) -> 0.64691074
A31: ='[25]data summary'!A40 -> 0 | B31: ='[25]data summary'!B40 -> ITC | C31: ='[25]data summary'!C40 -> 6890745.7 | D31: ='[25]data summary'!D40 -> 0.74688065 | E31: ='[25]data summary'!E40 -> 69794220 | G31: =G11 -> 578.53942 | I31: ='[26]data summary'!M30 -> 0 | J31: ='[26]data summary'!N30 -> 0 | K31: ='[26]data summary'!O30 -> 25.320539 | L31: ='[26]data summary'!P30 -> 2.4774754 | M31: ='[26]data summary'!Q30 -> 0 | N31: ='[26]data summary'!R30 -> 0 | O31: ='[26]data summary'!S30 -> 2.5257176 | P31: ='[26]data summary'!T30 -> 0.24751154 | ... U31: ='[26]data summary'!Y30 -> 0
A32: ='[25]data summary'!A41 -> 0 | B32: ='[25]data summary'!B41 -> PBO | C32: ='[25]data summary'!C41 -> 2561650.9 | D32: ='[25]data summary'!D41 -> 0.14044491 | E32: ='[25]data summary'!E41 -> 18110544 | G32: =G12 -> 521.70404 | I32: ='[26]data summary'!M31 -> 0 | J32: ='[26]data summary'!N31 -> 0 | K32: ='[26]data summary'!O31 -> 0 | L32: ='[26]data summary'!P31 -> 0 | M32: ='[26]data summary'!Q31 -> 0 | N32: ='[26]data summary'!R31 -> 0 | O32: ='[26]data summary'!S31 -> 0 | P32: ='[26]data summary'!T31 -> 0 | ... U32: ='[26]data summary'!Y31 -> 0
A33: ='[25]data summary'!A42 -> 0 | B33: ='[25]data summary'!B42 -> 0 | C33: ='[25]data summary'!C42 -> 25320539 | D33: ='[25]data summary'!D42 -> 2.5257176 | E33: ='[25]data summary'!E42 -> 2.4391875e+08 | G33: =SUM(G27:G32) -> 2597.4449 | I33: ='[26]data summary'!M32 -> 2030 | J33: ='[26]data summary'!N32 -> 31 | K33: ='[26]data summary'!O32 -> 0.24438819 | L33: ='[26]data summary'!P32 -> 0.027124817 | M33: ='[26]data summary'!Q32 -> 0.0013906679 | N33: ='[26]data summary'!R32 -> 0 | O33: ='[26]data summary'!S32 -> 0.018999674 | P33: ='[26]data summary'!T32 -> 0.0021069872 | ... U33: ='[26]data summary'!Y32 -> 0.0011098042 | V33: Gas | W33: =SUM([27]Manu_gas!$B$42:$M$45) -> 6.4441277 | X33: =W33/SUM($W$33:$W$36) -> 0.00033917359
A34: ='[25]data summary'!A43 -> 0 | B34: ='[25]data summary'!B43 -> 0 | C34: ='[25]data summary'!C43 -> 0 | D34: ='[25]data summary'!D43 -> 0 | E34: ='[25]data summary'!E43 -> 0 | G34: =G14 -> 0 | I34: ='[26]data summary'!M33 -> 0 | J34: ='[26]data summary'!N33 -> Solid | K34: ='[26]data summary'!O33 -> 0.48911624 | L34: ='[26]data summary'!P33 -> 0.054297398 | M34: ='[26]data summary'!Q33 -> 0.0027832698 | N34: ='[26]data summary'!R33 -> 0 | O34: ='[26]data summary'!S33 -> 0.038024238 | P34: ='[26]data summary'!T33 -> 0.0042175198 | ... U34: ='[26]data summary'!Y33 -> 0.0022211418 | V34: Solid | W34: =SUM([27]Manu_solid!$B$42:$M$45) -> 84.992017 | X34: =W34/SUM($W$33:$W$36) -> 0.0044733824
A35: ='[25]data summary'!A44 -> 2030 | B35: ='[25]data summary'!B44 -> PAG | C35: ='[25]data summary'!C44 -> 15305881 | D35: ='[25]data summary'!D44 -> 0.81601939 | E35: ='[25]data summary'!E44 -> 1.0985134e+08 | G35: =baseline!G13*0.5 -> 2914.1629 | I35: ='[26]data summary'!M34 -> 0 | J35: ='[26]data summary'!N34 -> Solvent | K35: ='[26]data summary'!O34 -> 46.822656 | L35: ='[26]data summary'!P34 -> 5.1575571 | M35: ='[26]data summary'!Q34 -> 0.2664399 | N35: ='[26]data summary'!R34 -> 0 | O35: ='[26]data summary'!S34 -> 2.2966443 | P35: ='[26]data summary'!T34 -> 0.25767528 | ... U35: ='[26]data summary'!Y34 -> 0.19577453 | V35: Solvent | W35: =SUM([27]Manu_solvent!$B$42:$M$45) -> 7206.4969 | X35: =W35/SUM($W$33:$W$36) -> 0.37929935
A36: ='[25]data summary'!A45 -> 0 | B36: ='[25]data summary'!B45 -> Sur | C36: ='[25]data summary'!C45 -> 1630232 | D36: ='[25]data summary'!D45 -> 0.16923563 | E36: ='[25]data summary'!E45 -> 16845818 | G36: =G16 -> 137.22873 | I36: ='[26]data summary'!M35 -> 0 | J36: ='[26]data summary'!N35 -> Water | K36: ='[26]data summary'!O35 -> 128.17824 | L36: ='[26]data summary'!P35 -> 15.219977 | M36: ='[26]data summary'!Q35 -> 0.72938616 | N36: ='[26]data summary'!R35 -> 0 | O36: ='[26]data summary'!S35 -> 13.372104 | P36: ='[26]data summary'!T35 -> 1.6303331 | ... U36: ='[26]data summary'!Y35 -> 0.80089452 | V36: Water | W36: =SUM([27]Manu_water!$B$42:$M$45) -> 11701.564 | X36: =W36/SUM($W$33:$W$36) -> 0.6158881
A37: ='[25]data summary'!A46 -> 0 | B37: ='[25]data summary'!B46 -> TARC | C37: ='[25]data summary'!C46 -> 87812177 | D37: ='[25]data summary'!D46 -> 8.9380024 | E37: ='[25]data summary'!E46 -> 8.9637381e+08 | G37: =G17 -> 7761.644 | I37: ='[26]data summary'!M36 -> 0 | J37: ='[26]data summary'!N36 -> 0 | K37: ='[26]data summary'!O36 -> 175.7344 | L37: ='[26]data summary'!P36 -> 20.458957 | M37: ='[26]data summary'!Q36 -> 0 | N37: ='[26]data summary'!R36 -> 0 | O37: ='[26]data summary'!S36 -> 15.725772 | P37: ='[26]data summary'!T36 -> 1.8943329 | ... U37: ='[26]data summary'!Y36 -> 0
A38: ='[25]data summary'!A47 -> 0 | B38: ='[25]data summary'!B47 -> Polymer | C38: ='[25]data summary'!C47 -> 2060512.6 | D38: ='[25]data summary'!D47 -> 0.10800177 | E38: ='[25]data summary'!E47 -> 14672302 | G38: =G18 -> 396.10563 | I38: ='[26]data summary'!M37 -> 0 | J38: ='[26]data summary'!N37 -> 0 | K38: ='[26]data summary'!O37 -> 0 | L38: ='[26]data summary'!P37 -> 0 | M38: ='[26]data summary'!Q37 -> 0 | N38: ='[26]data summary'!R37 -> 0 | O38: ='[26]data summary'!S37 -> 0 | P38: ='[26]data summary'!T37 -> 0 | ... U38: ='[26]data summary'!Y37 -> 0
A39: ='[25]data summary'!A48 -> 0 | B39: ='[25]data summary'!B48 -> ITC | C39: ='[25]data summary'!C48 -> 45721929 | D39: ='[25]data summary'!D48 -> 4.515676 | E39: ='[25]data summary'!E48 -> 4.5817848e+08 | G39: =G19 -> 4326.6797 | I39: ='[26]data summary'!M38 -> 2025 | J39: ='[26]data summary'!N38 -> 0 | K39: ='[26]data summary'!O38 -> 25.320539 | L39: ='[26]data summary'!P38 -> 2.4774754 | M39: ='[26]data summary'!Q38 -> 0 | N39: ='[26]data summary'!R38 -> 0 | O39: ='[26]data summary'!S38 -> 2.5257176 | P39: ='[26]data summary'!T38 -> 0.24751154 | ... U39: ='[26]data summary'!Y38 -> 0
A40: ='[25]data summary'!A49 -> 0 | B40: ='[25]data summary'!B49 -> PBO | C40: ='[25]data summary'!C49 -> 23203668 | D40: ='[25]data summary'!D49 -> 1.1788367 | E40: ='[25]data summary'!E49 -> 1.6324591e+08 | G40: =G20 -> 4833.3514 | I40: ='[26]data summary'!M39 -> 2030 | J40: ='[26]data summary'!N39 -> 0 | K40: ='[26]data summary'!O39 -> 175.7344 | L40: ='[26]data summary'!P39 -> 20.458957 | M40: ='[26]data summary'!Q39 -> 0 | N40: ='[26]data summary'!R39 -> 0 | O40: ='[26]data summary'!S39 -> 15.725772 | P40: ='[26]data summary'!T39 -> 1.8943329 | ... U40: ='[26]data summary'!Y39 -> 0
A41: ='[25]data summary'!A50 -> 0 | B41: ='[25]data summary'!B50 -> 0 | C41: ='[25]data summary'!C50 -> 1.757344e+08 | D41: ='[25]data summary'!D50 -> 15.725772 | E41: ='[25]data summary'!E50 -> 1.6591677e+09 | G41: =SUM(G35:G40) -> 20369.172
A45: {=INDEX($A$6:$X$41, COLUMN(A1), ROW(A1))} -> yearly | B45: {=INDEX($A$6:$X$41, COLUMN(B1), ROW(B1))} -> 2025 | C45: {=INDEX($A$6:$X$41, COLUMN(C1), ROW(C1))} -> 0 | D45: {=INDEX($A$6:$X$41, COLUMN(D1), ROW(D1))} -> 0 | E45: {=INDEX($A$6:$X$41, COLUMN(E1), ROW(E1))} -> 0 | F45: {=INDEX($A$6:$X$41, COLUMN(F1), ROW(F1))} -> 0 | G45: {=INDEX($A$6:$X$41, COLUMN(G1), ROW(G1))} -> 0 | H45: {=INDEX($A$6:$X$41, COLUMN(H1), ROW(H1))} -> 0 | ... AJ45: {=INDEX($A$6:$X$41, COLUMN(AJ1), ROW(AJ1))} -> 0
A46: {=INDEX($A$6:$X$41, COLUMN(A2), ROW(A2))} -> 0 | B46: {=INDEX($A$6:$X$41, COLUMN(B2), ROW(B2))} -> PAG | C46: {=INDEX($A$6:$X$41, COLUMN(C2), ROW(C2))} -> Sur | D46: {=INDEX($A$6:$X$41, COLUMN(D2), ROW(D2))} -> TARC | E46: {=INDEX($A$6:$X$41, COLUMN(E2), ROW(E2))} -> Polymer | F46: {=INDEX($A$6:$X$41, COLUMN(F2), ROW(F2))} -> ITC | G46: {=INDEX($A$6:$X$41, COLUMN(G2), ROW(G2))} -> PBO | H46: {=INDEX($A$6:$X$41, COLUMN(H2), ROW(H2))} -> 0 | ... AJ46: {=INDEX($A$6:$X$41, COLUMN(AJ2), ROW(AJ2))} -> 0
A47: {=INDEX($A$6:$X$41, COLUMN(A3), ROW(A3))} -> CC | B47: {=INDEX($A$6:$X$41, COLUMN(B3), ROW(B3))} -> 0 | C47: {=INDEX($A$6:$X$41, COLUMN(C3), ROW(C3))} -> 252537.14 | D47: {=INDEX($A$6:$X$41, COLUMN(D3), ROW(D3))} -> 13189364 | E47: {=INDEX($A$6:$X$41, COLUMN(E3), ROW(E3))} -> 287690.12 | F47: {=INDEX($A$6:$X$41, COLUMN(F3), ROW(F3))} -> 6891761.9 | G47: {=INDEX($A$6:$X$41, COLUMN(G3), ROW(G3))} -> 2561982.2 | H47: {=INDEX($A$6:$X$41, COLUMN(H3), ROW(H3))} -> 23183335 | ... AJ47: {=INDEX($A$6:$X$41, COLUMN(AJ3), ROW(AJ3))} -> 1.757344e+08
A48: {=INDEX($A$6:$X$41, COLUMN(A4), ROW(A4))} -> HTC | B48: {=INDEX($A$6:$X$41, COLUMN(B4), ROW(B4))} -> 0 | C48: {=INDEX($A$6:$X$41, COLUMN(C4), ROW(C4))} -> 0.02865145 | D48: {=INDEX($A$6:$X$41, COLUMN(D4), ROW(D4))} -> 1.4698755 | E48: {=INDEX($A$6:$X$41, COLUMN(E4), ROW(E4))} -> 0.016320343 | F48: {=INDEX($A$6:$X$41, COLUMN(F4), ROW(F4))} -> 0.74699375 | G48: {=INDEX($A$6:$X$41, COLUMN(G4), ROW(G4))} -> 0.14046358 | H48: {=INDEX($A$6:$X$41, COLUMN(H4), ROW(H4))} -> 2.4023046 | ... AJ48: {=INDEX($A$6:$X$41, COLUMN(AJ4), ROW(AJ4))} -> 15.725772
A49: {=INDEX($A$6:$X$41, COLUMN(A5), ROW(A5))} -> CED | B49: {=INDEX($A$6:$X$41, COLUMN(B5), ROW(B5))} -> 0 | C49: {=INDEX($A$6:$X$41, COLUMN(C5), ROW(C5))} -> 2630508.8 | D49: {=INDEX($A$6:$X$41, COLUMN(D5), ROW(D5))} -> 1.3587035e+08 | E49: {=INDEX($A$6:$X$41, COLUMN(E5), ROW(E5))} -> 2061404 | F49: {=INDEX($A$6:$X$41, COLUMN(F5), ROW(F5))} -> 69804546 | G49: {=INDEX($A$6:$X$41, COLUMN(G5), ROW(G5))} -> 18112890 | H49: {=INDEX($A$6:$X$41, COLUMN(H5), ROW(H5))} -> 2.284797e+08 | ... AJ49: {=INDEX($A$6:$X$41, COLUMN(AJ5), ROW(AJ5))} -> 1.6591677e+09
A50: {=INDEX($A$6:$X$41, COLUMN(A6), ROW(A6))} -> 0 | B50: {=INDEX($A$6:$X$41, COLUMN(B6), ROW(B6))} -> 0 | C50: {=INDEX($A$6:$X$41, COLUMN(C6), ROW(C6))} -> 0 | D50: {=INDEX($A$6:$X$41, COLUMN(D6), ROW(D6))} -> 0 | E50: {=INDEX($A$6:$X$41, COLUMN(E6), ROW(E6))} -> 0 | F50: {=INDEX($A$6:$X$41, COLUMN(F6), ROW(F6))} -> 0 | G50: {=INDEX($A$6:$X$41, COLUMN(G6), ROW(G6))} -> 0 | H50: {=INDEX($A$6:$X$41, COLUMN(H6), ROW(H6))} -> 0 | ... AJ50: {=INDEX($A$6:$X$41, COLUMN(AJ6), ROW(AJ6))} -> 0
A51: {=INDEX($A$6:$X$41, COLUMN(A7), ROW(A7))} -> Usage amount ton | B51: {=INDEX($A$6:$X$41, COLUMN(B7), ROW(B7))} -> 0 | C51: {=INDEX($A$6:$X$41, COLUMN(C7), ROW(C7))} -> 18.675883 | D51: {=INDEX($A$6:$X$41, COLUMN(D7), ROW(D7))} -> 1028.0208 | E51: {=INDEX($A$6:$X$41, COLUMN(E7), ROW(E7))} -> 53.907243 | F51: {=INDEX($A$6:$X$41, COLUMN(F7), ROW(F7))} -> 578.53942 | G51: {=INDEX($A$6:$X$41, COLUMN(G7), ROW(G7))} -> 521.70404 | H51: {=INDEX($A$6:$X$41, COLUMN(H7), ROW(H7))} -> 2200.8474 | ... AJ51: {=INDEX($A$6:$X$41, COLUMN(AJ7), ROW(AJ7))} -> 20369.172
A52: {=INDEX($A$6:$X$41, COLUMN(A8), ROW(A8))} -> 0 | B52: {=INDEX($A$6:$X$41, COLUMN(B8), ROW(B8))} -> 0 | C52: {=INDEX($A$6:$X$41, COLUMN(C8), ROW(C8))} -> 0 | D52: {=INDEX($A$6:$X$41, COLUMN(D8), ROW(D8))} -> 0 | E52: {=INDEX($A$6:$X$41, COLUMN(E8), ROW(E8))} -> 0 | F52: {=INDEX($A$6:$X$41, COLUMN(F8), ROW(F8))} -> 0 | G52: {=INDEX($A$6:$X$41, COLUMN(G8), ROW(G8))} -> 0 | H52: {=INDEX($A$6:$X$41, COLUMN(H8), ROW(H8))} -> 0 | ... AJ52: {=INDEX($A$6:$X$41, COLUMN(AJ8), ROW(AJ8))} -> 0
A53: {=INDEX($A$6:$X$41, COLUMN(A9), ROW(A9))} -> 0 | B53: {=INDEX($A$6:$X$41, COLUMN(B9), ROW(B9))} -> 2025 | C53: {=INDEX($A$6:$X$41, COLUMN(C9), ROW(C9))} -> 0 | D53: {=INDEX($A$6:$X$41, COLUMN(D9), ROW(D9))} -> 0 | E53: {=INDEX($A$6:$X$41, COLUMN(E9), ROW(E9))} -> 0 | F53: {=INDEX($A$6:$X$41, COLUMN(F9), ROW(F9))} -> 0 | G53: {=INDEX($A$6:$X$41, COLUMN(G9), ROW(G9))} -> 0 | H53: {=INDEX($A$6:$X$41, COLUMN(H9), ROW(H9))} -> 2030 | ... AJ53: {=INDEX($A$6:$X$41, COLUMN(AJ9), ROW(AJ9))} -> 0
A54: {=INDEX($A$6:$X$41, COLUMN(A10), ROW(A10))} -> 0 | B54: {=INDEX($A$6:$X$41, COLUMN(B10), ROW(B10))} -> Gas | C54: {=INDEX($A$6:$X$41, COLUMN(C10), ROW(C10))} -> Solid | D54: {=INDEX($A$6:$X$41, COLUMN(D10), ROW(D10))} -> Solvent | E54: {=INDEX($A$6:$X$41, COLUMN(E10), ROW(E10))} -> Water | F54: {=INDEX($A$6:$X$41, COLUMN(F10), ROW(F10))} -> 0 | G54: {=INDEX($A$6:$X$41, COLUMN(G10), ROW(G10))} -> 0 | H54: {=INDEX($A$6:$X$41, COLUMN(H10), ROW(H10))} -> 31 | ... AJ54: {=INDEX($A$6:$X$41, COLUMN(AJ10), ROW(AJ10))} -> 0
A55: {=INDEX($A$6:$X$41, COLUMN(A11), ROW(A11))} -> CC | B55: {=INDEX($A$6:$X$41, COLUMN(B11), ROW(B11))} -> 0.065145352 | C55: {=INDEX($A$6:$X$41, COLUMN(C11), ROW(C11))} -> 0.077224238 | D55: {=INDEX($A$6:$X$41, COLUMN(D11), ROW(D11))} -> 7.7829222 | E55: {=INDEX($A$6:$X$41, COLUMN(E11), ROW(E11))} -> 19.651146 | F55: {=INDEX($A$6:$X$41, COLUMN(F11), ROW(F11))} -> 27.576438 | G55: {=INDEX($A$6:$X$41, COLUMN(G11), ROW(G11))} -> 0 | H55: {=INDEX($A$6:$X$41, COLUMN(H11), ROW(H11))} -> 0.45902379 | ... AJ55: {=INDEX($A$6:$X$41, COLUMN(AJ11), ROW(AJ11))} -> 0
A56: {=INDEX($A$6:$X$41, COLUMN(A12), ROW(A12))} -> CC | B56: {=INDEX($A$6:$X$41, COLUMN(B12), ROW(B12))} -> 0.0063471552 | C56: {=INDEX($A$6:$X$41, COLUMN(C12), ROW(C12))} -> 0.0075256815 | D56: {=INDEX($A$6:$X$41, COLUMN(D12), ROW(D12))} -> 0.75811215 | E56: {=INDEX($A$6:$X$41, COLUMN(E12), ROW(E12))} -> 1.9160737 | F56: {=INDEX($A$6:$X$41, COLUMN(F12), ROW(F12))} -> 2.6880587 | G56: {=INDEX($A$6:$X$41, COLUMN(G12), ROW(G12))} -> 0 | H56: {=INDEX($A$6:$X$41, COLUMN(H12), ROW(H12))} -> 0.049815915 | ... AJ56: {=INDEX($A$6:$X$41, COLUMN(AJ12), ROW(AJ12))} -> 0
... A66: {=INDEX($A$6:$X$41, COLUMN(A22), ROW(A22))} -> 0 | B66: {=INDEX($A$6:$X$41, COLUMN(B22), ROW(B22))} -> Gas | C66: {=INDEX($A$6:$X$41, COLUMN(C22), ROW(C22))} -> Solid | D66: {=INDEX($A$6:$X$41, COLUMN(D22), ROW(D22))} -> Solvent | E66: {=INDEX($A$6:$X$41, COLUMN(E22), ROW(E22))} -> Water | F66: {=INDEX($A$6:$X$41, COLUMN(F22), ROW(F22))} -> 0 | G66: {=INDEX($A$6:$X$41, COLUMN(G22), ROW(G22))} -> 0 | H66: {=INDEX($A$6:$X$41, COLUMN(H22), ROW(H22))} -> Gas | ... AJ66: {=INDEX($A$6:$X$41, COLUMN(AJ22), ROW(AJ22))} -> 0
A67: Amount | B67: {=INDEX($A$6:$X$41, COLUMN(B23), ROW(B23))} -> 7.2719815 | C67: {=INDEX($A$6:$X$41, COLUMN(C23), ROW(C23))} -> 13.11852 | D67: {=INDEX($A$6:$X$41, COLUMN(D23), ROW(D23))} -> 1242.8875 | E67: {=INDEX($A$6:$X$41, COLUMN(E23), ROW(E23))} -> 1552.3006 | F67: {=INDEX($A$6:$X$41, COLUMN(F23), ROW(F23))} -> 0 | G67: {=INDEX($A$6:$X$41, COLUMN(G23), ROW(G23))} -> 0 | H67: {=INDEX($A$6:$X$41, COLUMN(H23), ROW(H23))} -> 53.994379 | I67: {=INDEX($A$6:$X$41, COLUMN(I23), ROW(I23))} -> 108.06889 | ... AJ67: {=INDEX($A$6:$X$41, COLUMN(AJ23), ROW(AJ23))} -> 0
A68: Share | B68: {=INDEX($A$6:$X$41, COLUMN(B24), ROW(B24))} -> 0.0025827664 | C68: {=INDEX($A$6:$X$41, COLUMN(C24), ROW(C24))} -> 0.0046592626 | D68: {=INDEX($A$6:$X$41, COLUMN(D24), ROW(D24))} -> 0.44143235 | E68: {=INDEX($A$6:$X$41, COLUMN(E24), ROW(E24))} -> 0.55132562 | F68: {=INDEX($A$6:$X$41, COLUMN(F24), ROW(F24))} -> 0 | G68: {=INDEX($A$6:$X$41, COLUMN(G24), ROW(G24))} -> 0 | H68: {=INDEX($A$6:$X$41, COLUMN(H24), ROW(H24))} -> 0.002425803 | I68: {=INDEX($A$6:$X$41, COLUMN(I24), ROW(I24))} -> 0.004855206 | ... AJ68: {=INDEX($A$6:$X$41, COLUMN(AJ24), ROW(AJ24))} -> 0
A73: Final data for figure | B73: 2025 | J73: 2030
B74: PAG | C74: Sur | D74: TARC | E74: Polymer | F74: ITC | G74: PBO | H74: Total | I74: Error | J74: PAG | K74: Sur | L74: TARC | M74: Polymer | N74: ITC | O74: PBO | P74: Total | Q74: Error
A75: CC | B75: =(B47+V47)/2 -> 1070400.5 | C75: =(C47+W47)/2 -> 252517.58 | D75: =(D47+X47)/2 -> 13188280 | E75: =(E47+Y47)/2 -> 287668.53 | F75: =(F47+Z47)/2 -> 6891253.8 | G75: =(G47+AA47)/2 -> 2561816.5 | H75: =(H47+AB47)/2 -> 24251937 | I75: =ABS(H47-H75) -> 1068601.8 | J75: =(J47+AD47)/2 -> 7652940.7 | K75: =(K47+AE47)/2 -> 1629204.8 | L75: =(L47+AF47)/2 -> 87757470 | M75: =(M47+AG47)/2 -> 2059225.4 | N75: =(N47+AH47)/2 -> 45693121 | O75: =(O47+AI47)/2 -> 23189671 | P75: =(P47+AJ47)/2 -> 1.6798163e+08 | Q75: =ABS(P47-P75) -> 7752767.3
A76: HTC | B76: =(B48+V48)/2 -> 0.061899494 | C76: =(C48+W48)/2 -> 0.028649177 | D76: =(D48+X48)/2 -> 1.4697519 | E76: =(E48+Y48)/2 -> 0.016319088 | F76: =(F48+Z48)/2 -> 0.7469372 | G76: =(G48+AA48)/2 -> 0.14045425 | H76: =(H48+AB48)/2 -> 2.4640111 | I76: =ABS(H48-H76) -> 0.061706464 | J76: =(J48+AD48)/2 -> 0.40800969 | K76: =(K48+AE48)/2 -> 0.16912815 | L76: =(L48+AF48)/2 -> 8.9323885 | M76: =(M48+AG48)/2 -> 0.10793386 | N76: =(N48+AH48)/2 -> 4.5128072 | O76: =(O48+AI48)/2 -> 1.178121 | P76: =(P48+AJ48)/2 -> 15.308388 | Q76: =ABS(P48-P76) -> 0.41738346
A77: CED | B77: =(B49+V49)/2 -> 7737415.8 | C77: =(C49+W49)/2 -> 2630304.5 | D77: =(D49+X49)/2 -> 1.3585916e+08 | E77: =(E49+Y49)/2 -> 2061249 | F77: =(F49+Z49)/2 -> 69799383 | G77: =(G49+AA49)/2 -> 18111717 | H77: =(H49+AB49)/2 -> 2.3619923e+08 | I77: =ABS(H49-H77) -> 7719528.1 | J77: =(J49+AD49)/2 -> 54925668 | K77: =(K49+AE49)/2 -> 16835197 | L77: =(L49+AF49)/2 -> 8.9581493e+08 | M77: =(M49+AG49)/2 -> 14663132 | N77: =(N49+AH49)/2 -> 4.5788953e+08 | O77: =(O49+AI49)/2 -> 1.631474e+08 | P77: =(P49+AJ49)/2 -> 1.6032759e+09 | Q77: =ABS(P49-P77) -> 55891806
A79: Usage amount | B79: =(B51+V51)/2 -> 198.29873 | C79: =(C51+W51)/2 -> 18.675883 | D79: =(D51+X51)/2 -> 1028.0208 | E79: =(E51+Y51)/2 -> 53.907243 | F79: =(F51+Z51)/2 -> 578.53942 | G79: =(G51+AA51)/2 -> 521.70404 | H79: =(H51+AB51)/2 -> 2399.1462 | I79: =ABS(H51-H79) -> 198.29873 | J79: =(J51+AD51)/2 -> 1457.0815 | K79: =(K51+AE51)/2 -> 137.22873 | L79: =(L51+AF51)/2 -> 7761.644 | M79: =(M51+AG51)/2 -> 396.10563 | N79: =(N51+AH51)/2 -> 4326.6797 | O79: =(O51+AI51)/2 -> 4833.3514 | P79: =(P51+AJ51)/2 -> 18912.091 | Q79: =ABS(P51-P79) -> 1457.0815
A82: Share CC | B82: =(B57+V57)/2 -> 0.001863806 | C82: =(C57+W57)/2 -> 0.0026315744 | D82: =(D57+X57)/2 -> 0.2561999 | E82: =(E57+Y57)/2 -> 0.73930472 | J82: =(H57+AB57)/2 -> 0.0018643197 | K82: =(I57+AC57)/2 -> 0.0029001459 | L82: =(J57+AD57)/2 -> 0.28786187 | M82: =(K57+AE57)/2 -> 0.70737367
A83: Share HTC | B83: =(B61+V61)/2 -> 0.001558461 | C83: =(C61+W61)/2 -> 0.0021932755 | D83: =(D61+X61)/2 -> 0.13782361 | E83: =(E61+Y61)/2 -> 0.85842465 | J83: =(H61+AB61)/2 -> 0.001630566 | K83: =(I61+AC61)/2 -> 0.00253354 | L83: =(J61+AD61)/2 -> 0.15869439 | M83: =(K61+AE61)/2 -> 0.83714151
A84: Share CED | B84: =(B65+V65)/2 -> 0.0014836313 | C84: =(C65+W65)/2 -> 0.0020908182 | D84: =(D65+X65)/2 -> 0.18700709 | E84: =(E65+Y65)/2 -> 0.80941846 | J84: =(H65+AB65)/2 -> 0.0014928847 | K84: =(I65+AC65)/2 -> 0.0023209806 | L84: =(J65+AD65)/2 -> 0.21213484 | M84: =(K65+AE65)/2 -> 0.78405129
A86: Share usage | B86: =(B68+V68)/2 -> 0.0014739529 | C86: =(C68+W68)/2 -> 0.0044357726 | D86: =(D68+X68)/2 -> 0.3949721 | E86: =(E68+Y68)/2 -> 0.59911818 | J86: =(H68+AB68)/2 -> 0.0013824883 | K86: =(I68+AC68)/2 -> 0.0046642942 | L86: =(J68+AD68)/2 -> 0.42069522 | M86: =(K68+AE68)/2 -> 0.57325799

Sheet baseline
A4: ='[28]data summary'!A35 -> yearly | B4: ='[28]data summary'!B35 -> 0 | C4: ='[28]data summary'!C35 -> CC | D4: ='[28]data summary'!D35 -> HTC | E4: ='[28]data summary'!E35 -> CED | G4: Usage amount ton | I4: ='[29]data summary'!M25 -> 0 | J4: ='[29]data summary'!N25 -> 0 | K4: ='[29]data summary'!O25 -> CC | L4: ='[29]data summary'!P25 -> CC | M4: ='[29]data summary'!Q25 -> 0 | N4: ='[29]data summary'!R25 -> 0 | O4: ='[29]data summary'!S25 -> HTC | P4: ='[29]data summary'!T25 -> HTC | ... U4: ='[29]data summary'!Y25 -> 0 | W4: Usage amount
A5: ='[28]data summary'!A36 -> 2025 | B5: ='[28]data summary'!B36 -> PAG | C5: ='[28]data summary'!C36 -> 4291644.3 | D5: ='[28]data summary'!D36 -> 0.24826856 | E5: ='[28]data summary'!E36 -> 31028328 | G5: =SUM([23]Usage!B$22:B$25) -> 793.19493 | I5: ='[29]data summary'!M26 -> 2025 | J5: ='[29]data summary'!N26 -> Gas | K5: ='[29]data summary'!O26 -> 0.0041319818 | L5: ='[29]data summary'!P26 -> 0.00039761567 | M5: ='[29]data summary'!Q26 -> 0.00017823069 | N5: ='[29]data summary'!R26 -> 0 | O5: ='[29]data summary'!S26 -> 0.00033767123 | P5: ='[29]data summary'!T26 -> 3.2485973e-05 | ... U5: ='[29]data summary'!Y26 -> 0.00013703996 | V5: Gas | W5: =SUM([23]Manu_gas!$B$22:$M$25) -> 13.664545 | X5: =W5/SUM($W$5:$W$8) -> 0.0042063435
B6: ='[28]data summary'!B37 -> Sur | C6: ='[28]data summary'!C37 -> 253761.86 | D6: ='[28]data summary'!D37 -> 0.028821129 | E6: ='[28]data summary'!E37 -> 2645782.9 | G6: =SUM([23]Usage!C$22:C$25) -> 18.675883 | I6: ='[29]data summary'!M27 -> 0 | J6: ='[29]data summary'!N27 -> Solid | K6: ='[29]data summary'!O27 -> 0.047664512 | L6: ='[29]data summary'!P27 -> 0.0045884729 | M6: ='[29]data summary'!Q27 -> 0.0020559817 | N6: ='[29]data summary'!R27 -> 0 | O6: ='[29]data summary'!S27 -> 0.0038951255 | P6: ='[29]data summary'!T27 -> 0.00037487888 | ... U6: ='[29]data summary'!Y27 -> 0.0015808217 | V6: Solid | W6: =SUM([23]Manu_solid!$B$22:$M$25) -> 16.198746 | X6: =W6/SUM($W$5:$W$8) -> 0.004986444
B7: ='[28]data summary'!B38 -> TARC | C7: ='[28]data summary'!C38 -> 13251754 | D7: ='[28]data summary'!D38 -> 1.4784422 | E7: ='[28]data summary'!E38 -> 1.3664343e+08 | G7: =SUM([23]Usage!D$22:D$25) -> 1028.0208 | I7: ='[29]data summary'!M28 -> 0 | J7: ='[29]data summary'!N28 -> Solvent | K7: ='[29]data summary'!O28 -> 3.8901475 | L7: ='[29]data summary'!P28 -> 0.37438428 | M7: ='[29]data summary'!Q28 -> 0.1677993 | N7: ='[29]data summary'!R28 -> 0 | O7: ='[29]data summary'!S28 -> 0.20506552 | P7: ='[29]data summary'!T28 -> 0.019758058 | ... U7: ='[29]data summary'!Y28 -> 0.11848961 | V7: Solvent | W7: =SUM([23]Manu_solvent!$B$22:$M$25) -> 1654.9822 | X7: =W7/SUM($W$5:$W$8) -> 0.50945152
B8: ='[28]data summary'!B39 -> Polymer | C8: ='[28]data summary'!C39 -> 288306.42 | D8: ='[28]data summary'!D39 -> 0.016359843 | E8: ='[28]data summary'!E39 -> 2066129.3 | G8: =SUM([23]Usage!E$22:E$25) -> 53.907243 | I8: ='[29]data summary'!M29 -> 0 | J8: ='[29]data summary'!N29 -> Water | K8: ='[29]data summary'!O29 -> 19.241391 | L8: ='[29]data summary'!P29 -> 1.8597111 | M8: ='[29]data summary'!Q29 -> 0.82996649 | N8: ='[29]data summary'!R29 -> 0 | O8: ='[29]data summary'!S29 -> 2.1930063 | P8: ='[29]data summary'!T29 -> 0.2122007 | ... U8: ='[29]data summary'!Y29 -> 0.87979253 | V8: Water | W8: =SUM([23]Manu_water!$B$22:$M$25) -> 1563.7113 | X8: =W8/SUM($W$5:$W$8) -> 0.48135569
B9: ='[28]data summary'!B40 -> ITC | C9: ='[28]data summary'!C40 -> 6923658.6 | D9: ='[28]data summary'!D40 -> 0.75131606 | E9: ='[28]data summary'!E40 -> 70196162 | G9: =SUM([23]Usage!F$22:F$25) -> 578.53942 | I9: ='[29]data summary'!M30 -> 0 | J9: ='[29]data summary'!N30 -> 0 | K9: ='[29]data summary'!O30 -> 23.183335 | L9: ='[29]data summary'!P30 -> 2.2390814 | M9: ='[29]data summary'!Q30 -> 0 | N9: ='[29]data summary'!R30 -> 0 | O9: ='[29]data summary'!S30 -> 2.4023046 | P9: ='[29]data summary'!T30 -> 0.23236612 | ... U9: ='[29]data summary'!Y30 -> 0
B10: ='[28]data summary'!B41 -> PBO | C10: ='[28]data summary'!C41 -> 2567312.2 | D10: ='[28]data summary'!D41 -> 0.14077843 | E10: ='[28]data summary'!E41 -> 18152114 | G10: =SUM([23]Usage!G$22:G$25) -> 521.70404 | I10: ='[29]data summary'!M31 -> 0 | J10: ='[29]data summary'!N31 -> 0 | K10: ='[29]data summary'!O31 -> 0 | L10: ='[29]data summary'!P31 -> 0 | M10: ='[29]data summary'!Q31 -> 0 | N10: ='[29]data summary'!R31 -> 0 | O10: ='[29]data summary'!S31 -> 0 | P10: ='[29]data summary'!T31 -> 0 | ... U10: ='[29]data summary'!Y31 -> 0
B11: ='[28]data summary'!B42 -> 0 | C11: ='[28]data summary'!C42 -> 27576438 | D11: ='[28]data summary'!D42 -> 2.6639862 | E11: ='[28]data summary'!E42 -> 2.6073194e+08 | G11: =SUM(G5:G10) -> 2994.0424 | I11: ='[29]data summary'!M32 -> 2030 | J11: ='[29]data summary'!N32 -> 31 | K11: ='[29]data summary'!O32 -> 0.029170405 | L11: ='[29]data summary'!P32 -> 0.0032340398 | M11: ='[29]data summary'!Q32 -> 0.00018205462 | N11: ='[29]data summary'!R32 -> 0 | O11: ='[29]data summary'!S32 -> 0.0022678076 | P11: ='[29]data summary'!T32 -> 0.00025121873 | ... U11: ='[29]data summary'!Y32 -> 0.00014203669 | V11: Gas | W11: =SUM([23]Manu_gas!$B$42:$M$45) -> 101.41522 | X11: =W11/SUM($W$11:$W$14) -> 0.0039831747
I12: ='[29]data summary'!M33 -> 0 | J12: ='[29]data summary'!N33 -> Solid | K12: ='[29]data summary'!O33 -> 0.38471423 | L12: ='[29]data summary'!P33 -> 0.042654711 | M12: ='[29]data summary'!Q33 -> 0.0024010295 | N12: ='[29]data summary'!R33 -> 0 | O12: ='[29]data summary'!S33 -> 0.029907477 | P12: ='[29]data summary'!T33 -> 0.0033132357 | ... U12: ='[29]data summary'!Y33 -> 0.0018732418 | V12: Solid | W12: =SUM([23]Manu_solid!$B$42:$M$45) -> 130.87317 | X12: =W12/SUM($W$11:$W$14) -> 0.0051401624
A13: ='[28]data summary'!A44 -> 2030 | B13: ='[28]data summary'!B44 -> PAG | C13: ='[28]data summary'!C44 -> 30662087 | D13: ='[28]data summary'!D44 -> 1.6436131 | E13: ='[28]data summary'!E44 -> 2.2064561e+08 | G13: =SUM([23]Usage!B$42:B$45) -> 5828.3258 | I13: ='[29]data summary'!M34 -> 0 | J13: ='[29]data summary'!N34 -> Solvent | K13: ='[29]data summary'!O34 -> 32.810258 | L13: ='[29]data summary'!P34 -> 3.6096042 | M13: ='[29]data summary'!Q34 -> 0.20477121 | N13: ='[29]data summary'!R34 -> 0 | O13: ='[29]data summary'!S34 -> 1.6092884 | P13: ='[29]data summary'!T34 -> 0.18034059 | ... U13: ='[29]data summary'!Y34 -> 0.14709618 | V13: Solvent | W13: =SUM([23]Manu_solvent!$B$42:$M$45) -> 13338.487 | X13: =W13/SUM($W$11:$W$14) -> 0.52388117
B14: ='[28]data summary'!B45 -> Sur | C14: ='[28]data summary'!C45 -> 1697236.7 | D14: ='[28]data summary'!D45 -> 0.17978428 | E14: ='[28]data summary'!E45 -> 17783402 | G14: =SUM([23]Usage!C$42:C$45) -> 137.22873 | I14: ='[29]data summary'!M35 -> 0 | J14: ='[29]data summary'!N35 -> Water | K14: ='[29]data summary'!O35 -> 127.00472 | L14: ='[29]data summary'!P35 -> 15.063395 | M14: ='[29]data summary'!Q35 -> 0.79264571 | N14: ='[29]data summary'!R35 -> 0 | O14: ='[29]data summary'!S35 -> 13.249541 | P14: ='[29]data summary'!T35 -> 1.6136161 | ... U14: ='[29]data summary'!Y35 -> 0.85088855 | V14: Water | W14: =SUM([23]Manu_water!$B$42:$M$45) -> 11890.126 | X14: =W14/SUM($W$11:$W$14) -> 0.46699549
B15: ='[28]data summary'!B46 -> TARC | C15: ='[28]data summary'!C46 -> 91286001 | D15: ='[28]data summary'!D46 -> 9.4852979 | E15: ='[28]data summary'!E46 -> 9.4500873e+08 | G15: =SUM([23]Usage!D$42:D$45) -> 7761.644 | I15: ='[29]data summary'!M36 -> 0 | J15: ='[29]data summary'!N36 -> 0 | K15: ='[29]data summary'!O36 -> 160.22887 | L15: ='[29]data summary'!P36 -> 18.718888 | M15: ='[29]data summary'!Q36 -> 0 | N15: ='[29]data summary'!R36 -> 0 | O15: ='[29]data summary'!S36 -> 14.891005 | P15: ='[29]data summary'!T36 -> 1.7975212 | ... U15: ='[29]data summary'!Y36 -> 0
B16: ='[28]data summary'!B47 -> Polymer | C16: ='[28]data summary'!C47 -> 2062446.1 | D16: ='[28]data summary'!D47 -> 0.10855634 | E16: ='[28]data summary'!E47 -> 14715715 | G16: =SUM([23]Usage!E$42:E$45) -> 396.10563 | I16: ='[29]data summary'!M37 -> 0 | J16: ='[29]data summary'!N37 -> 0 | K16: ='[29]data summary'!O37 -> 0 | L16: ='[29]data summary'!P37 -> 0 | M16: ='[29]data summary'!Q37 -> 0 | N16: ='[29]data summary'!R37 -> 0 | O16: ='[29]data summary'!S37 -> 0 | P16: ='[29]data summary'!T37 -> 0 | ... U16: ='[29]data summary'!Y37 -> 0
B17: ='[28]data summary'!B48 -> ITC | C17: ='[28]data summary'!C48 -> 47423398 | D17: ='[28]data summary'!D48 -> 4.7840823 | E17: ='[28]data summary'!E48 -> 4.8202205e+08 | G17: =SUM([23]Usage!F$42:F$45) -> 4326.6797 | I17: ='[29]data summary'!M38 -> 2025 | J17: ='[29]data summary'!N38 -> 0 | K17: ='[29]data summary'!O38 -> 23.183335 | L17: ='[29]data summary'!P38 -> 2.2390814 | M17: ='[29]data summary'!Q38 -> 0 | N17: ='[29]data summary'!R38 -> 0 | O17: ='[29]data summary'!S38 -> 2.4023046 | P17: ='[29]data summary'!T38 -> 0.23236612 | ... U17: ='[29]data summary'!Y38 -> 0
B18: ='[28]data summary'!B49 -> PBO | C18: ='[28]data summary'!C49 -> 23203041 | D18: ='[28]data summary'!D49 -> 1.1816198 | E18: ='[28]data summary'!E49 -> 1.634251e+08 | G18: =SUM([23]Usage!G$42:G$45) -> 4833.3514 | I18: ='[29]data summary'!M39 -> 2030 | J18: ='[29]data summary'!N39 -> 0 | K18: ='[29]data summary'!O39 -> 160.22887 | L18: ='[29]data summary'!P39 -> 18.718888 | M18: ='[29]data summary'!Q39 -> 0 | N18: ='[29]data summary'!R39 -> 0 | O18: ='[29]data summary'!S39 -> 14.891005 | P18: ='[29]data summary'!T39 -> 1.7975212 | ... U18: ='[29]data summary'!Y39 -> 0
B19: ='[28]data summary'!B50 -> 0 | C19: ='[28]data summary'!C50 -> 1.9633421e+08 | D19: ='[28]data summary'!D50 -> 17.382954 | E19: ='[28]data summary'!E50 -> 1.8436006e+09 | G19: =SUM(G13:G18) -> 23283.335
